"","study_order","ManiCheck","Exp1_check","Exp1_check_DO_1","Exp1_check_DO_2","Exp1_check_DO_3","Exp1_prob_hiring","Exp1_loyalty","Exp1_honesty","Exp2_S1_check","Exp2_S1_seen_wrong","Exp2_S1_self_action","Exp2_S1_guide_other","Exp2_S2F_check","Exp2_S2F_seen_wrong","Exp2_S2F_self_action","Exp2_S2F_guide_other","Exp2_S2M_check","Exp2_S2M_seen_wrong","Exp2_S2M_self_action","Exp2_S2M_guide_other","MASC_set1","MASC_set2","MASC_set3","BIDR_self_deceptive","BIDR_impre_manage","age","gender","origcount","residence","soc_class","engunder","funnel_pay","assignmentId","hitId","CountryCode","CountryName","Duration__in_seconds_","condition","Exp2_S2_seen_wrong_T2","Exp2_S2_self_action_T2","Exp2_S2_guide_other_T2","ID"
"1","Exp1First",1.66666666666667,1,3,2,1,1,2,2,3,8,1,1,NA,NA,NA,NA,1,2,1,2,3.25,3.5,6.5,11,5,37,1,"USA","USA",4,7,6,"38BQUHLA9W1PRHY88F7XZGMTLIZOMB","3XBYQ44Z6P5ZN101IVTHD4YOG5NWT7","","",578,"Dissonance_write",2,1,2,5
"2","Exp1First",4.5,1,3,2,1,1,1,1,3,9,1,1,NA,NA,NA,NA,1,9,9,1,4.5625,3.41666666666667,5,1,12,32,2,"United States","United States",4,7,7,"3OLQQLKKNSQDEIFYB4R9EC0YDMYEJT","3HXK2V1N4KG96GGOKB53QE3AM4L2GN","","",775,"Dissonance_write",9,9,1,9
"3","Exp1First",3.83333333333333,1,1,2,3,1,1,1,3,7,1,1,1,5,1,3,NA,NA,NA,NA,3.75,3.5,4,4,16,56,2,"USA","USA",3,7,6,"3M23Y66PO2820659SGHPUPZ8S7NS62","3KA7IJSNW669769J6NO1LGK6H1KPBF","","",688,"Dissonance_write",5,1,3,10
"4","Exp1First",3.83333333333333,1,2,1,3,3,3,4,3,6,6,5,1,3,7,7,NA,NA,NA,NA,4.375,3.5,5,3,5,38,1,"United States","United States",4,7,6,"3FUI0JHJPXZZJ6XCJZIQFEFCQ0N33G","3Y7LTZE0YTNIH9KVTN3YH4E8GLYZUR","","",660,"Dissonance_write",3,7,7,11
"5","Exp1First",3.66666666666667,1,3,2,1,1,1,2,3,9,1,1,NA,NA,NA,NA,1,2,7,7,3.5,4.25,4,0,12,36,1,"USA","USA",2,7,5,"3GU1KF0O4I2BTQ6CWQU3A0GPJORPB4","3H4IKZHALBJB5UM3TYGI8MF5YBXNN6","","",513,"Dissonance_write",2,7,7,12
"6","Exp1First",3.16666666666667,1,1,2,3,3,3,5,3,8,5,2,1,9,1,2,NA,NA,NA,NA,2.9375,3.66666666666667,5.5,7,6,48,1,"USA","USA",3,7,4,"33FBRBDW6O09X3Z1O9ONZYRHCZR8CA","35A1YQPVFEHF1456SI749XJ2LR3I5V","","",868,"Dissonance_write",9,1,2,13
"7","Exp1First",4,1,2,1,3,1,3,2,3,7,9,8,NA,NA,NA,NA,1,1,9,9,4.5625,4.41666666666667,6.5,8,1,40,2,"United States","United States",3,7,6,"3JPSL1DZ5S067VP7AXHFB0RO1R5ANY","3XQ4XW3OD9DCWLPFFBZKFSMDAFES2W","","",597,"Dissonance_write",1,9,9,16
"8","Exp1First",2.33333333333333,1,1,3,2,1,5,1,3,9,1,1,1,9,1,3,NA,NA,NA,NA,2.9375,4.16666666666667,6.5,3,5,50,1,"United States","United States",2,7,5,"3AQF3RZ558JTW10NMWHQNQGT3HT6FX","3B623HUYJ4RNI0R4VS8LPJZGWF6S8Z","","",1114,"Dissonance_write",9,1,3,18
"9","Exp1First",2.66666666666667,1,2,1,3,3,1,3,3,3,7,6,NA,NA,NA,NA,1,1,9,9,5.1875,3.5,4,5,1,40,1,"United States","United States",4,7,7,"3LRKMWOKB5IBJH8M06ZU05FZZHL2Z0","3MG8450X2OBO35IP6E5WQ6CU6MRUP1","","",560,"Dissonance_write",1,9,9,20
"10","Exp1First",3.5,1,2,3,1,3,1,2,3,5,3,1,1,2,5,1,NA,NA,NA,NA,4.875,3.5,7,0,8,35,1,"United States","United States",2,7,1,"3CN4LGXD5XPLH5D48YGZFD3VD1D4Y7","31GN6YMHLPTY81NMTVOR3Z22EM9WSI","","",911,"Dissonance_write",2,5,1,22
"11","Exp1First",2.33333333333333,1,3,1,2,1,1,1,3,9,1,1,1,1,5,5,NA,NA,NA,NA,4.1875,3.75,5,7,5,45,1,"usa","usa",4,7,6,"3JC6VJ2SABK2H6J16XLTHJR2A67A5A","3RWB1RTQDJOQ58BC3B4RUEU59VZP8G","","",783,"Dissonance_write",1,5,5,25
"12","Exp1First",3.83333333333333,1,1,3,2,2,2,2,3,7,5,3,NA,NA,NA,NA,1,3,2,2,5,4.41666666666667,5.5,6,5,66,2,"USA","USA",3,7,5,"3S0TNUHWKTJJ2V5FO5JYJ49ZXZ58DC","31GN6YMHLPTY81NMTVOR3Z22EM9WSI","","",684,"Dissonance_write",3,2,2,26
"13","Exp1First",3.5,1,3,2,1,1,2,3,3,2,5,4,NA,NA,NA,NA,1,3,4,4,4.5,3.83333333333333,7,0,2,37,2,"United States of America","United States of America",4,7,6,"3DH6GAKTYYQ1K21TTR6P99G4EWHZYF","351S7I5UG9XFM4VIE0OQFFYOPRSNJ2","","",714,"Dissonance_write",3,4,4,27
"14","Exp1First",3.66666666666667,1,2,3,1,4,5,5,3,8,1,1,1,6,2,3,NA,NA,NA,NA,3,4.91666666666667,4,2,16,55,1,"United States","United States",2,7,5,"3ERMJ6L4DYTI6B69RTQVOU0YVTR7M6","3XEIP58NL0OFYJX1K9BXQHIP3U5ZLX","","",695,"Dissonance_write",6,2,3,28
"15","Exp1First",3,1,2,3,1,1,1,1,3,9,1,1,NA,NA,NA,NA,1,2,5,2,2.9375,3.08333333333333,5.5,3,16,34,1,"US","US",4,7,3,"34HJIJKLP5X4DBIZ3NTF8EZ1VKCV4Q","3Y7LTZE0YTNIH9KVTN3YH4E8GLYZUR","","",867,"Dissonance_write",2,5,2,31
"16","Exp1First",3.5,1,3,2,1,1,1,1,3,9,1,1,1,9,1,1,NA,NA,NA,NA,4.25,4.33333333333333,7,6,14,67,2,"United States","United States",5,7,4,"3LS2AMNW5FRGCWW008EEGP6YVJWQO0","34D9ZRXCYRV11OKJSQSZLA5BM36SA3","","",1884,"Dissonance_write",9,1,1,32
"17","Exp1First",3,1,1,3,2,5,2,3,3,8,2,3,NA,NA,NA,NA,1,8,2,2,4.875,4.75,5.5,2,11,32,1,"United States","United States",5,4,4,"3XIQGXAUMC9T0N5D50S4ZBGW2XAX7F","3RWB1RTQDJOQ58BC3B4RUEU59VZP8G","","",400,"Dissonance_write",8,2,2,34
"18","Exp1First",3.83333333333333,1,3,1,2,4,3,4,3,7,4,3,1,5,4,5,NA,NA,NA,NA,4.125,4.25,4.5,4,11,29,1,"USA","USA",2,7,4,"33LK57MYLT64OGPKULE0RNS3XBKZS0","39KV3A5D188JIMMLLNGFBJ3LLV0S7C","","",883,"Dissonance_write",5,4,5,35
"19","Exp1First",2,1,3,2,1,2,2,2,3,9,1,1,NA,NA,NA,NA,1,9,1,1,2.75,4.41666666666667,7,3,13,48,2,"USA","USA",4,7,7,"3FE2ERCCZX9VCKVL0VZPGKGOQNKPOI","3VADEH0UHCY8OSQLH9AWB5U6LPBPSL","","",635,"Dissonance_write",9,1,1,39
"20","Exp1First",2.83333333333333,1,1,2,3,1,1,1,3,9,1,1,1,9,1,1,NA,NA,NA,NA,4.0625,3.83333333333333,6,4,8,63,2,"USA","USA",4,7,7,"33F859I566EJG98ODDMY1REYXXRHB1","3N5YJ55YXG44LBSEKUBDMGV5Z43NAR","","",891,"Dissonance_write",9,1,1,40
"21","Exp1First",4,1,3,2,1,1,1,1,3,9,1,1,1,7,2,2,NA,NA,NA,NA,3.125,4.58333333333333,1.5,1,12,73,1,"United States","United States",4,7,4,"3VBEN272MK04XZUF4TQB6GCXML0SGE","3ZG552ORAM5SOD6J964PQF6K9JE2VH","","",836,"Dissonance_write",7,2,2,41
"22","Exp1First",4,1,3,2,1,4,3,3,3,9,1,1,NA,NA,NA,NA,1,2,8,7,4.375,3.91666666666667,5,3,9,69,2,"united states","united states",3,7,7,"33SA9F9TRXVZK2FXI3AO32U6FIHWEG","3N5YJ55YXG44LBSEKUBDMGV5Z43NAR","","",919,"Dissonance_write",2,8,7,42
"23","Exp1First",2.16666666666667,1,2,1,3,2,2,2,3,8,2,2,NA,NA,NA,NA,1,4,6,6,4.4375,4.25,5,8,2,73,2,"usa","usa",1,7,7,"37Z929RLG99824GLOTPI5ZRMCF9STO","38VTL6WC4AE1R4KBW0T7VLDQBA6Y5M","","",670,"Dissonance_write",4,6,6,43
"24","Exp1First",1.66666666666667,1,1,3,2,1,1,1,3,9,1,1,1,5,5,5,NA,NA,NA,NA,4.625,3.91666666666667,7,6,7,31,2,"US","US",4,7,7,"3B2X28YI3WG3JKO7HUVU40P8OJDB6W","3OPLMF3EU5OLHUJIHL03VUBGTG2NL9","","",574,"Dissonance_write",5,5,5,44
"25","Exp1First",3.16666666666667,1,1,3,2,1,2,2,3,6,7,7,1,6,4,4,NA,NA,NA,NA,3.4375,3.5,5.5,8,5,35,1,"United States","Florida",4,7,3,"3R6P78PK7KC5CZ7UTTV1GL8JO4FGTS","356TQKY9XFY1Z27C7PAAUS3K91Z87Y","","",1099,"Dissonance_write",6,4,4,45
"26","Exp1First",3.66666666666667,1,1,2,3,2,2,1,3,9,1,2,1,8,1,3,NA,NA,NA,NA,4,4.08333333333333,6.5,5,9,69,2,"USA","USA",4,7,7,"3A7Y0R2P2OPMKI6F69H121L5TSLJXJ","382GHPVPHSSIFIJNTAH70ZBZ2DH34H","","",666,"Dissonance_write",8,1,3,46
"27","Exp1First",1.83333333333333,1,2,3,1,3,2,2,3,8,3,7,1,3,7,9,NA,NA,NA,NA,4.125,3.91666666666667,3.5,12,4,28,1,"USA","USA",2,7,1,"3DY4FPOOA1PBEHKXEZPSG7ABNY8RVH","3HUR21WDDUQATN4L26C2N44A49GXYV","","",672,"Dissonance_write",3,7,9,49
"28","Exp1First",4.16666666666667,1,3,1,2,2,2,2,3,7,1,1,1,4,2,2,NA,NA,NA,NA,4.25,4.16666666666667,4.5,0,9,70,1,"America","America",2,7,6,"3PM8NZGV8YH365AS1Z1AZ2XR7NDQXH","3BFNCI9LYKRFY516V8FE3BV9TF7371","","",1121,"Dissonance_write",4,2,2,52
"29","Exp1First",3.83333333333333,1,2,1,3,2,3,2,3,9,1,1,NA,NA,NA,NA,1,4,1,2,3.75,3,6,2,11,39,2,"USA","USA",2,7,6,"3HSYG7LRBJZBB2DQPB2ODMDGC87KKV","3FK4G712NX151K6D9QEQ6AZH89ISS4","","",964,"Dissonance_write",4,1,2,55
"30","Exp1First",2,1,3,2,1,5,3,5,3,7,5,4,1,7,5,3,NA,NA,NA,NA,4.4375,3.41666666666667,4.5,2,1,36,2,"United States","us",2,7,6,"3U088ZLJVKU0TC03AWB9IDS2LHAW0X","37M4O367VJJ1XNVXDX5W1QQJ20T5M4","","",944,"Dissonance_write",7,5,3,56
"31","Exp1First",2.5,1,2,3,1,5,4,4,3,6,6,5,NA,NA,NA,NA,1,5,6,6,3.9375,2.83333333333333,6,10,0,41,2,"USA","USA",4,7,2,"3WQQ9FUS6AVQNY7VA9SSOELZUE48BG","3NOEP8XAU43GK9CKBJGJADBY04DPXT","","",790,"Dissonance_write",5,6,6,57
"32","Exp1First",2.83333333333333,1,2,3,1,6,4,5,3,9,4,1,1,1,9,9,NA,NA,NA,NA,4.9375,3.91666666666667,7,6,1,36,1,"USA","USA",3,7,6,"39U1BHVTDLS4INV6YEOHXRJAKZDT30","3EGKVCRQFWT3GK1KXAKKY7DIL6SYBN","","",508,"Dissonance_write",1,9,9,58
"33","Exp1First",3.66666666666667,1,2,1,3,1,1,1,3,9,1,1,1,1,9,9,NA,NA,NA,NA,3.5,3.75,2.5,7,9,30,1,"USA","USA",3,7,6,"3WRFBPLXRAP6NAQM1I25OSDIVHR3N9","3TLFH2L6Y9PDBL2U4B4APXIZCYY2T1","","",1220,"Dissonance_write",1,9,9,60
"34","Exp1First",4.5,1,1,2,3,1,1,1,3,3,6,7,NA,NA,NA,NA,1,5,1,1,3.4375,3,4,2,9,64,1,"USA","USA",4,7,7,"3R2PKQ87NW9FVVN5AKUSFJQ799FMIT","389A2A304OJPTUX53256HZPGREE0CW","","",1060,"Dissonance_write",5,1,1,62
"35","Exp1First",1.83333333333333,1,3,2,1,1,5,3,3,7,1,1,1,7,1,1,NA,NA,NA,NA,3.6875,3.66666666666667,4,11,5,75,2,"USA","USA",4,7,1,"3SBEHTYCWN4FPCCJTNI39EDEIJTIYF","389A2A304OJPTUX53256HZPGREE0CW","","",1030,"Dissonance_write",7,1,1,63
"36","Exp1First",3.33333333333333,1,1,3,2,5,4,3,3,7,3,3,1,3,2,3,NA,NA,NA,NA,3.8125,3.83333333333333,4.5,1,0,46,2,"USA","USA",3,7,7,"3TXWC2NHNZRPIP77QNK1EZQAI8BS9T","30UZJB2POHD0B1NN7F0H5RHD29C35M","","",882,"Dissonance_write",3,2,3,65
"37","Exp1First",3.66666666666667,1,3,2,1,4,2,3,3,6,1,3,NA,NA,NA,NA,1,1,7,5,3.5,3,6,3,7,34,2,"US","US",4,7,3,"3HOSI13XHZPVJQ165DUE5WN08QGDD1","3HEADTGN2PT9SXN4OWJQRNESLBTVRO","","",1191,"Dissonance_write",1,7,5,66
"38","Exp1First",2.33333333333333,1,2,1,3,1,1,1,3,9,2,1,1,9,1,1,NA,NA,NA,NA,3.375,3.08333333333333,4,11,11,52,4,"USA","USA",2,7,4,"3XXU1SWE8MW3MZX09RFH0OVBTYBA04","3H4IKZHALBJB5UM3TYGI8MF5YB2NNB","","",889,"Dissonance_write",9,1,1,68
"39","Exp1First",4.5,1,3,1,2,3,3,3,3,9,1,1,1,9,1,1,NA,NA,NA,NA,2.8125,4.83333333333333,2.5,1,18,65,2,"usa","usa",2,7,6,"3KYQYYSHYV8MNNSVVM8UGQZZC5WODK","3G3AJKPCXLTJVLGBIVAXQT7CBEBY4H","","",603,"Dissonance_write",9,1,1,72
"40","Exp1First",1.83333333333333,1,2,1,3,1,2,2,3,9,1,1,NA,NA,NA,NA,1,5,2,2,3.25,3.66666666666667,7,6,1,57,2,"United States","United States",2,7,3,"3SPJ0334214BKNWPB533LFSEVYQJY0","3YCT0L9OMMA8L7E81UX47GPBLAASNS","","",1789,"Dissonance_write",5,2,2,73
"41","Exp1First",3.66666666666667,1,3,2,1,2,2,2,3,6,6,6,1,2,2,2,NA,NA,NA,NA,2.875,3.83333333333333,5.5,4,3,61,2,"USA","USA",3,7,4,"3AAPLD8UCCIJCV25DZDJ1LKK356HT8","3X0EMNLXEPQOGK7PB4F1MSEDKT5VPW","","",890,"Dissonance_write",2,2,2,74
"42","Exp1First",3.5,1,3,1,2,1,2,2,3,3,7,5,NA,NA,NA,NA,1,1,9,3,5.125,4.16666666666667,5.5,5,11,28,1,"United States","United States",4,7,6,"3V0Z7YWSIY1UAX3CZ9ARFZ23B752VS","3FO95NVK5C1T0560U1ELG0ULM7ZSRG","","",936,"Dissonance_write",1,9,3,76
"43","Exp1First",4.5,1,3,1,2,9,8,7,3,1,9,7,1,1,9,9,NA,NA,NA,NA,4.5,3.91666666666667,5.5,0,7,25,2,"United States","United States",4,7,4,"3EF8EXOTT1WEUHLMZGWU7SH4OEKJ17","351S7I5UG9XFM4VIE0OQFFYOPRXNJ7","","",840,"Dissonance_write",1,9,9,77
"44","Exp1First",3.83333333333333,1,1,3,2,1,1,1,3,8,5,6,NA,NA,NA,NA,1,2,5,7,4.5625,3.5,6.5,4,6,51,2,"USA","USA",4,7,7,"36PW28KO4ZX2DPCUHYEWLDXFN0UEA5","3Z8UJEJOCZEJCOPZA5DYH7MFO5V39D","","",804,"Dissonance_write",2,5,7,78
"45","Exp1First",3.33333333333333,1,3,2,1,3,2,4,3,5,5,3,1,2,8,7,NA,NA,NA,NA,4.0625,3.75,5,3,6,29,1,"USA","USA",3,7,6,"3MAOD8E57QBI38X0L79TV82M2D6NX9","3087LXLJ6MHWW6HFU4V7P5AJOR60F7","","",480,"Dissonance_write",2,8,7,80
"46","Exp1First",3.83333333333333,1,1,3,2,1,1,2,3,8,2,1,1,6,2,5,NA,NA,NA,NA,4.1875,4.08333333333333,4,3,5,46,1,"United States of America","United States of America",4,7,6,"3EQHHY4HQST3RXW4SXD3D52582AG5K","3NOEP8XAU43GK9CKBJGJADBY04DPXT","","",985,"Dissonance_write",6,2,5,81
"47","Exp1First",4,1,2,1,3,2,2,2,3,8,2,2,NA,NA,NA,NA,1,8,2,2,4.875,4.75,6,7,6,45,1,"USA","USA",4,7,5,"38F5OAUN5NDWEX5Y0WAIWPS2E8K7HR","3HUR21WDDUQATN4L26C2N44A49GXYV","","",1198,"Dissonance_write",8,2,2,84
"48","Exp1First",4,1,2,1,3,5,4,4,3,7,1,1,NA,NA,NA,NA,1,6,1,1,3.75,4.25,3,1,13,42,1,"United States","United States",4,7,5,"3JRJSWSMQHM2T4D98JZMY5J9HQ8E3F","389A2A304OJPTUX53256HZPGREE0CW","","",676,"Dissonance_write",6,1,1,85
"49","Exp1First",3,1,2,1,3,1,1,1,3,9,1,1,NA,NA,NA,NA,1,5,5,5,2.75,3.75,7,3,11,34,2,"United States of America","United States of America",4,7,7,"3LEP4MGT3G124T3MRH38A6Z056IDBA","3TZ0XG8CBUL5DLV5MM8U8OUQ4RN89A","","",1727,"Dissonance_write",5,5,5,86
"50","Exp1First",3.66666666666667,1,2,3,1,1,1,1,3,9,1,1,1,9,1,1,NA,NA,NA,NA,2.9375,4.16666666666667,6,3,12,67,2,"United States","United States",4,7,6,"3ON104KXQKXHS0I4TXYBUGIF2U94W6","3MWOYZD5WVPTNFMFUDGVNBFAOL7NOQ","","",1341,"Dissonance_write",9,1,1,88
"51","Exp1First",3.66666666666667,1,2,1,3,1,2,3,3,9,1,1,NA,NA,NA,NA,1,8,1,1,3.5,3.83333333333333,7,0,4,59,2,"United States","United States",4,7,6,"33IZTU6J812FJLP5T3QFU2CSPCISXU","3MWOYZD5WVPTNFMFUDGVNBFAOL7NOQ","","",886,"Dissonance_write",8,1,1,89
"52","Exp1First",4,1,2,3,1,6,5,4,3,9,4,2,NA,NA,NA,NA,1,5,4,2,3.75,4.25,5.5,5,8,48,2,"USA","USA",2,7,4,"3ZV9H2YQQD8WA4Z0TJTSKBQ9OUF3WM","3ZLW647WALW8C440PWYJ7KE1IZL32L","","",1117,"Dissonance_write",5,4,2,92
"53","Exp1First",2.83333333333333,1,2,1,3,1,1,1,3,9,1,1,NA,NA,NA,NA,1,5,1,1,3.25,4,3.5,3,17,49,2,"USA","USA",4,7,4,"36V4Q8R5ZK1SCTBONSZ1OLHT0KIQMO","344M16OZKIG7BO9Q0ZDZIZLWKJ1NEM","","",1077,"Dissonance_write",5,1,1,93
"54","Exp1First",1.5,1,3,2,1,5,2,2,3,4,8,7,1,3,8,7,NA,NA,NA,NA,4.25,4.08333333333333,7,12,1,32,1,"USA","USA",1,7,2,"39ASUFLU6X8E92KNS86A5L8DOLHEXN","3P520RYKCH7KAV06MZWIS07DFMW5UW","","",559,"Dissonance_write",3,8,7,96
"55","Exp1First",3,1,1,2,3,1,2,2,3,9,1,1,1,9,1,1,NA,NA,NA,NA,3.1875,3.66666666666667,6,1,6,55,2,"US","US",2,7,7,"3ZAZR5XV01JOHZ0OXZO0CIOLB9BZCL","37S0QRNUFBH5ZGCVHU2G8SZFKL588L","","",571,"Dissonance_write",9,1,1,102
"56","Exp1First",2.16666666666667,1,1,2,3,3,1,1,3,5,3,1,NA,NA,NA,NA,1,4,2,2,3.5625,3.75,4.5,3,7,39,2,"United States","United States",2,7,6,"3PXX5PX6LXZ46M0A77C6K5RUK35ABP","3D1UCPY6GGAJYJ6P5D7KHBR44ZD38O","","",1240,"Dissonance_write",4,2,2,103
"57","Exp1First",3.5,1,2,1,3,1,2,1,3,7,5,3,NA,NA,NA,NA,1,4,2,3,4,3.58333333333333,6.5,4,0,61,2,"United States","United States",5,7,4,"31HQ4X3T3SBKJR8GFKNRJ8H5I3SLSL","3WRBLBQ2GR92A6DA5O1P7QAVP660G6","","",707,"Dissonance_write",4,2,3,105
"58","Exp1First",2.16666666666667,1,3,2,1,1,1,1,3,9,1,1,NA,NA,NA,NA,1,6,1,1,3.8125,3.58333333333333,6,2,17,42,1,"United States","US",4,7,3,"3DY46V3X3PJ5B07KB1UC98BGITP55K","30EV7DWJTVWXA8KP1J3CNRRQ75HY62","","",1116,"Dissonance_write",6,1,1,106
"59","Exp1First",3.66666666666667,1,1,2,3,1,1,3,3,7,2,3,NA,NA,NA,NA,1,2,5,4,4.5,4.58333333333333,5,8,1,34,1,"USA","USA",2,7,5,"35DR22AR5DLBZ44Q3OPEMU4GXW93X3","3UDTAB6HH60NVWQ2RIVFF9O8LTB09F","","",642,"Dissonance_write",2,5,4,111
"60","Exp1First",1.83333333333333,1,1,2,3,1,3,3,3,7,1,1,1,1,9,9,NA,NA,NA,NA,4.0625,3.16666666666667,3.5,6,7,54,2,"United States","United States",4,7,7,"3EKVH9QMEY58GG3Q8OAX9DWWB1Z2DT","3UL5XDRDNCKMCYTTJWVDW8POIV485J","","",861,"Dissonance_write",1,9,9,114
"61","Exp1First",2.66666666666667,1,1,3,2,3,2,2,3,5,4,4,1,2,9,8,NA,NA,NA,NA,4.5,3.75,5.5,2,2,28,1,"usa","usa",1,7,5,"3VELCLL3GKKYPFZQGQ59SUPCV84F13","3J9UN9O9J3TC183BDUMS432BHYN0JA","","",793,"Dissonance_write",2,9,8,121
"62","Exp1First",2,1,2,1,3,2,2,2,3,5,1,1,NA,NA,NA,NA,1,2,4,5,3.75,4.41666666666667,3,8,2,34,2,"USA","USA",5,7,7,"3RXPCZQMQPC43FVLRABRAFPOWN4G13","302U8RURJZ2ODZVCVP29I39IKE4VN0","","",713,"Dissonance_write",2,4,5,122
"63","Exp1First",3.5,1,2,3,1,1,1,1,3,7,1,1,1,5,1,1,NA,NA,NA,NA,3.4375,3.5,4.5,0,4,41,1,"USA","USA",5,7,5,"3R6BYFZZP7D6FGKJNJQGN3TD0NKXFE","31N9JPQXIPJJVY0SQ0L532I9CZTNH2","","",347,"Dissonance_write",5,1,1,124
"64","Exp1First",3,1,3,2,1,4,3,4,3,8,5,3,1,6,2,5,NA,NA,NA,NA,4.375,3.91666666666667,5.5,2,9,35,2,"USA","USA",3,7,4,"3X73LLYYQ1FLHIXLG3R7SMESEONHNC","3ZG552ORAM5SOD6J964PQF6K9JE2VH","","",546,"Dissonance_write",6,2,5,125
"65","Exp1First",3,1,3,1,2,3,2,6,3,5,3,2,1,3,5,4,NA,NA,NA,NA,3.6875,4.33333333333333,4.5,0,6,57,2,"usa","usa",2,7,6,"3URFVVM165JK3THOJQ906OARIAYUZ8","36KM3FWE3RDJHD29CLXV1DX2Q3N073","","",748,"Dissonance_write",3,5,4,126
"66","Exp1First",2.66666666666667,1,1,2,3,2,2,3,3,7,5,2,NA,NA,NA,NA,1,2,7,7,4.8125,3.66666666666667,5.5,2,1,39,2,"USA","USA",4,7,6,"3V0Z7YWSIY1UAX3CZ9ARFZ23B88V2Q","38VTL6WC4AE1R4KBW0T7VLDQBA75YU","","",742,"Dissonance_write",2,7,7,127
"67","Exp1First",3.16666666666667,1,3,1,2,1,1,1,3,9,1,1,NA,NA,NA,NA,1,1,5,4,5.125,4.08333333333333,5,4,9,51,2,"United States","United States",1,7,4,"3YDGXNSEOZV62ZMMVUI5G0FTKO584W","3H6W48L9F4Q1V97U1EKX8UXRR27PW0","","",1460,"Dissonance_write",1,5,4,129
"68","Exp1First",2.33333333333333,1,1,3,2,5,2,4,3,9,1,1,1,2,9,7,NA,NA,NA,NA,5.25,3.5,7,7,3,36,2,"United States","United States",4,7,6,"3ERMJ6L4DYTI6B69RTQVOU0YVVMM7K","3VZYA8PITOZ4U9OQOSIY3TJ6ZXS05O","","",857,"Dissonance_write",2,9,7,131
"69","Exp1First",4,1,3,2,1,1,1,1,3,9,1,1,1,1,9,9,NA,NA,NA,NA,3.5,3.75,5.5,10,8,43,1,"US","US",1,7,7,"3W8CV64QJ200SGTRFT82ALJ89ZD9HC","382GHPVPHSSIFIJNTAH70ZBZ2DH34H","","",888,"Dissonance_write",1,9,9,132
"70","Exp1First",3.5,1,3,1,2,1,1,1,3,9,1,1,1,1,7,5,NA,NA,NA,NA,3,4.75,6,3,12,29,2,"usa","usa",2,7,6,"3WT783CTPBISZ1X8RL8XQ0HIK7BBCF","3HEM8MA6H9DWBCB8P5LRG5F531QPQW","","",543,"Dissonance_write",1,7,5,133
"71","Exp1First",4.16666666666667,1,3,1,2,1,1,1,3,7,8,8,NA,NA,NA,NA,1,4,7,7,4.9375,3.83333333333333,7,5,2,71,1,"United States","United States",4,7,6,"36AHBNMV1RDYH1WX19HSIHX1QG8DYZ","3OPLMF3EU5OLHUJIHL03VUBGTG2NL9","","",893,"Dissonance_write",4,7,7,136
"72","Exp1First",3.33333333333333,1,3,2,1,2,2,3,3,5,2,3,1,1,9,8,NA,NA,NA,NA,3.9375,4.16666666666667,4,2,6,32,2,"United States","United States",4,6,7,"3M1CVSFP606RAS2ZQP9WFUMT648AQ5","3HEADTGN2PT9SXN4OWJQRNESLBTVRO","","",963,"Dissonance_write",1,9,8,143
"73","Exp1First",4.16666666666667,1,1,2,3,1,1,1,3,9,1,1,1,9,1,1,NA,NA,NA,NA,3.25,3.75,7,1,9,67,2,"USA","USA",4,7,4,"340UGXU9DY23U9CEITKXLIXVU01VUK","3IJ95K7NDXD5V25H6U3NI268XZGNG3","","",718,"Dissonance_write",9,1,1,146
"74","Exp1First",4.16666666666667,1,3,2,1,2,5,3,3,8,1,1,NA,NA,NA,NA,1,3,7,5,4.5,4.33333333333333,6,1,5,56,2,"USA","USA",2,7,4,"3R3YRB5GRF4J2L9G7YT1PVJI9Q5UAN","37ZQELHEQ0Z5NC13HX1IV7Q5TLSNMB","","",1182,"Dissonance_write",3,7,5,147
"75","Exp1First",3.66666666666667,1,3,2,1,6,5,8,3,2,8,8,NA,NA,NA,NA,1,2,6,8,4.3125,3.91666666666667,5,5,5,34,1,"United States","United States",2,7,5,"3LQ8PUHQFLTT3HMUJNEFNEIBSQGIHM","3FO95NVK5C1T0560U1ELG0ULM7ZSRG","","",1274,"Dissonance_write",2,6,8,149
"76","Exp1First",2.5,1,3,2,1,1,1,1,3,5,2,2,1,3,5,4,NA,NA,NA,NA,2.9375,4.16666666666667,3.5,1,13,32,1,"USA","USA",1,7,3,"3EO896NRAWWF31XV1ZG4DY0ZGVSTJ3","31KPKEKW4AE6JP5ZP29B6FJY9SW0B5","","",660,"Dissonance_no_write",3,5,4,154
"77","Exp1First",1.66666666666667,1,3,1,2,1,1,3,3,9,1,1,NA,NA,NA,NA,1,1,8,8,3.75,3.58333333333333,7,3,11,41,2,"United States","United States",2,7,1,"3CN4LGXD5XPLH5D48YGZFD3VD0L4YD","3XH7ZM9YX2VBVQA1LVEUZ5PVUIT9R3","","",1048,"Dissonance_no_write",1,8,8,155
"78","Exp1First",1.5,1,3,1,2,1,1,1,3,9,1,1,1,2,7,7,NA,NA,NA,NA,4.1875,4.5,7,5,6,40,1,"USA","USA",2,7,7,"3U5JL4WY5KAWH0NU32UXWZWMBUT4X9","3TC2K6WK9G3UD1A61DTFY1MCYKV28S","","",678,"Dissonance_no_write",2,7,7,156
"79","Exp1First",3.5,1,2,3,1,4,3,6,3,8,6,6,NA,NA,NA,NA,1,2,8,7,4.25,3.5,5.5,3,10,28,1,"USA","USA",5,7,6,"33NF62TLXJ3G0I787Q2CC7D3XJUJKI","3J5XXLQDHMCH9V22D6IU9PBCFX8V3F","","",297,"Dissonance_no_write",2,8,7,159
"80","Exp1First",2.16666666666667,1,3,2,1,3,2,5,3,4,1,2,1,6,1,1,NA,NA,NA,NA,3.375,3.75,5,3,7,34,1,"United States","United States",4,7,7,"3DBQWDE4Y6Z91PDQF1QY3PB29D45NN","3HFWPF5AK9K1H3LYJBDPY2R5GTES37","","",362,"Dissonance_no_write",6,1,1,162
"81","Exp1First",4,1,1,2,3,5,7,5,3,6,7,6,1,3,7,5,NA,NA,NA,NA,3.3125,3.75,7,3,7,25,1,"US","US",4,7,4,"3R08VXYT7CWEBN0NVVWIXS2PTV3W7K","391JB9X4ZY94F6G0KK923F91ZQIKMY","","",539,"Dissonance_no_write",3,7,5,163
"82","Exp1First",3,1,3,1,2,1,1,1,3,7,1,1,NA,NA,NA,NA,1,7,1,1,3.25,4.25,2,0,0,36,1,"United States","United States",1,7,4,"3O7L7BFSHEQHJ7VSTM692BLY079IEL","3GONHBMNHVZZ41FMKLCCQUXE3ZVZMZ","","",644,"Dissonance_no_write",7,1,1,164
"83","Exp1First",1.66666666666667,1,2,1,3,1,2,1,3,8,1,1,1,7,1,1,NA,NA,NA,NA,5.1875,3.75,6.5,6,2,39,2,"usa","usa",2,7,4,"3K4J6M3CXEU0X38LNT4KLGIR0FJGAW","3D3B8GE892SQJDUM83A5UAPGT1HP95","","",691,"Dissonance_no_write",7,1,1,165
"84","Exp1First",4.5,1,1,2,3,1,1,1,3,9,1,1,NA,NA,NA,NA,1,3,1,1,3.8125,3.66666666666667,1,5,8,28,2,"Philippines","United States",5,7,7,"3YDTZAI2WXHORZ21W99Q1QSL6G4146","351S7I5UG9XFM4VIE0OQFFYOPRSNJ2","","",721,"Dissonance_no_write",3,1,1,166
"85","Exp1First",4.5,1,3,1,2,6,6,6,3,3,7,7,NA,NA,NA,NA,1,2,8,9,4.5625,4,6,0,6,62,2,"USA","USA",3,7,6,"3WAKVUDHUWH1JJBI0VHHF4HS8FS7UW","3UAU495MIIT6I56ORESH1674WHVUOK","","",767,"Dissonance_no_write",2,8,9,167
"86","Exp1First",2.16666666666667,1,3,2,1,1,1,1,3,9,1,1,NA,NA,NA,NA,1,9,1,1,4.6875,3.58333333333333,4,6,12,63,2,"USA","USA",1,7,7,"33LKR6A5KEL88KHRBAAY9Y4DMFLT1U","3K3IX1W4S6S4OW4R09O5Q500ZJZPAK","","",724,"Dissonance_no_write",9,1,1,168
"87","Exp1First",3.66666666666667,1,3,2,1,1,2,2,3,9,1,1,1,8,1,1,NA,NA,NA,NA,3.375,3.66666666666667,6.5,0,9,50,2,"United States","United States",4,7,6,"33JKGHPFYCV79WYW707KKRMOV8UMNU","33KGGVH24UID3HTIQH5T9HT0XO2X1S","","",706,"Dissonance_no_write",8,1,1,170
"88","Exp1First",3.5,1,2,1,3,7,5,6,3,7,4,3,NA,NA,NA,NA,1,1,9,8,4.875,4,6.5,0,3,37,2,"United States","United States",3,7,6,"3OWEPKL089DOOTR93U5V19PY0JZN7K","3MWOYZD5WVPTNFMFUDGVNBFAOL2NOL","","",594,"Dissonance_no_write",1,9,8,171
"89","Exp1First",4,1,3,1,2,1,1,1,3,9,1,1,1,8,2,3,NA,NA,NA,NA,3.9375,3.66666666666667,6.5,5,6,54,2,"USA","USA",5,7,5,"3GNA64GUZE5U4MQIVTIF7J67EORQ5V","3BVS8WK9Q0WHQKMFTSYHCJJUVNPIBW","","",614,"Dissonance_no_write",8,2,3,174
"90","Exp1First",4.16666666666667,1,1,2,3,2,2,3,3,7,1,1,NA,NA,NA,NA,1,1,7,1,3,4.16666666666667,3.5,1,10,57,2,"usa","usa",5,7,7,"3OWEPKL089DOOTR93U5V19PY0J0N7L","3FJ2RVH25Z7UR6TG65ZTYXHNIRQ29W","","",561,"Dissonance_no_write",1,7,1,177
"91","Exp1First",2,1,2,1,3,3,2,1,3,7,5,3,1,4,6,3,NA,NA,NA,NA,4.8125,3.83333333333333,4.5,2,0,64,1,"USA","USA",5,7,7,"3II4UPYCOJ8P8Z5BAZ0Y5VUZR5PDQQ","3B623HUYJ4RNI0R4VS8LPJZGWF6S8Z","","",1236,"Dissonance_no_write",4,6,3,178
"92","Exp1First",2.5,1,2,1,3,1,1,1,3,9,1,1,NA,NA,NA,NA,1,2,1,1,4.3125,3.16666666666667,4.5,2,11,58,2,"United States","United States",1,7,7,"3HFNH7HEMHFSKJF2CP16BGXW4X6QGE","3XQ4XW3OD9DCWLPFFBZKFSMDAFES2W","","",717,"Dissonance_no_write",2,1,1,179
"93","Exp1First",2.33333333333333,1,1,3,2,1,1,1,3,9,1,1,NA,NA,NA,NA,1,1,9,9,4.4375,3.25,7,3,7,41,2,"USA","USA",2,7,4,"3AMW0RGHOD3DUZV9ZGZC1VGJ0D6PNU","3PA41K45VN5M5U6TT6CLGEYAYBTP7T","","",514,"Dissonance_no_write",1,9,9,182
"94","Exp1First",3,1,1,3,2,1,5,2,3,9,1,1,NA,NA,NA,NA,1,7,7,5,5.1875,4,6,4,4,63,2,"USA","USA",1,7,7,"3Q8GYXHFEP3QALGZQBHKNEHQA9RC5D","3O2Y2UIUCQVY9WOJYX5P8PPS2P6KFR","","",829,"Dissonance_no_write",7,7,5,184
"95","Exp1First",2.66666666666667,1,3,2,1,1,1,1,3,9,1,1,1,7,2,2,NA,NA,NA,NA,3.8125,4.16666666666667,4,6,12,54,2,"USA","USA",3,7,6,"39LNWE0K4UXY83SEJMLE6T71MV4IU3","3KA7IJSNW669769J6NO1LGK6H1KPBF","","",1122,"Dissonance_no_write",7,2,2,188
"96","Exp1First",1.5,1,1,2,3,1,1,3,3,7,2,2,NA,NA,NA,NA,1,7,1,1,3.5,4,7,8,8,34,1,"United States","United States",3,7,5,"3W2LOLRXLBGXY6QLFVBLEYZU70ORKI","3SMIWMMK616ENEFQI0JRI0KQZJUWUY","","",813,"Dissonance_no_write",7,1,1,190
"97","Exp1First",1.5,1,3,1,2,1,3,1,3,6,1,1,NA,NA,NA,NA,1,1,5,7,4,4.41666666666667,5,4,10,37,1,"Usa","Usa",4,7,7,"3RWE2M8QWHBA6IRPIVKMMUFBS5V0NZ","3Y7LTZE0YTNIH9KVTN3YH4E8GLYZUR","","",1173,"Dissonance_no_write",1,5,7,194
"98","Exp1First",3.16666666666667,1,2,3,1,1,5,3,3,9,1,1,NA,NA,NA,NA,1,5,4,5,4.125,3.83333333333333,4.5,0,9,53,1,"United States","United States",3,7,4,"33LKR6A5KEL88KHRBAAY9Y4DMFUT13","386T3MLZLNWNHR7SMQP1FDTX1NT80Y","","",497,"Dissonance_no_write",5,4,5,195
"99","Exp1First",4,1,2,1,3,5,3,3,3,9,1,1,NA,NA,NA,NA,1,1,5,5,2.75,3.75,4,0,16,29,2,"USA","USA",4,7,3,"3P529IW9KYMBFM3U90NSC9YQTCSFLO","3G3AJKPCXLTJVLGBIVAXQT7CBEBY4H","","",772,"Dissonance_no_write",1,5,5,199
"100","Exp1First",3.83333333333333,1,3,2,1,3,3,2,3,3,5,3,NA,NA,NA,NA,1,6,7,6,4.8125,4.41666666666667,4.5,2,3,28,1,"United States","United States",4,7,5,"3BDCF01OGXVHFDKPEQFG1U56ZNILYR","3TLFH2L6Y9PDBL2U4B4APXIZCYY2T1","","",633,"Dissonance_no_write",6,7,6,200
"101","Exp1First",3.5,1,1,2,3,2,1,1,3,8,1,1,1,7,1,3,NA,NA,NA,NA,4.3125,4,5,3,8,52,1,"United States","United States",4,7,6,"3FDJT1UU7498TJSNIOYIBXUYFIAK58","3KG2UQJ0MJPW8RZV9Q8ZCGAA3MPNQY","","",698,"Dissonance_no_write",7,1,3,203
"102","Exp1First",4.33333333333333,1,3,2,1,1,1,1,3,8,1,1,1,2,3,5,NA,NA,NA,NA,3.75,3.66666666666667,6,1,7,30,2,"United States","United States",2,7,7,"308Q0PEVB8E0OB4BLBQNAXKN9A49ID","386T3MLZLNWNHR7SMQP1FDTX1NT80Y","","",813,"Dissonance_no_write",2,3,5,204
"103","Exp1First",2.33333333333333,1,3,1,2,7,6,6,3,3,4,4,1,3,3,3,NA,NA,NA,NA,4.5625,4,3.5,2,0,28,1,"United States","United States",3,7,7,"3UWN2HHPUY6A7RB1RX36W0LUNXOSNO","3UUIU9GZC565AILHMU68N4LBW8P5T5","","",253,"Dissonance_no_write",3,3,3,205
"104","Exp1First",4.16666666666667,1,1,3,2,4,5,5,3,6,6,6,1,5,6,6,NA,NA,NA,NA,4.3125,3.66666666666667,7,1,3,38,1,"USA","USA",4,7,5,"38F5OAUN5NDWEX5Y0WAIWPS2E73H7I","3FO95NVK5C1T0560U1ELG0ULM7ZSRG","","",304,"Dissonance_no_write",5,6,6,211
"105","Exp1First",2.66666666666667,1,3,2,1,1,1,1,3,8,2,2,1,2,7,6,NA,NA,NA,NA,4.25,3.41666666666667,6.5,17,6,30,2,"United States","United States",4,7,7,"373ERPL3YO9W1PG894PDFPMQQDQRTZ","3FK4G712NX151K6D9QEQ6AZH89ISS4","","",1398,"Dissonance_no_write",2,7,6,212
"106","Exp1First",3.16666666666667,1,2,1,3,1,1,1,3,9,1,1,NA,NA,NA,NA,1,9,1,1,3.6875,4,7,2,13,43,2,"USA","USA",3,7,7,"3PIWWX1FJJ7LPY1QP520BSDQIU4JJT","3J6BHNX0U9TAXO10WLO2GUY14GXNK6","","",1379,"Dissonance_no_write",9,1,1,213
"107","Exp1First",2.66666666666667,1,3,1,2,1,1,1,3,9,1,1,1,9,1,1,NA,NA,NA,NA,3.375,4.41666666666667,3.5,2,14,69,1,"United States","United States",3,7,5,"37UEWGM5HT9VS54Z7L539J3VYU0R1R","3AQN9REUTFHWVHZ4B6BQTX1IOR4YDU","","",1047,"Dissonance_no_write",9,1,1,214
"108","Exp1First",3.33333333333333,1,1,3,2,1,1,1,3,9,1,1,NA,NA,NA,NA,1,9,1,1,2.9375,3.75,5,7,3,31,1,"Usa","Usa",1,7,1,"33CID57104UGZAN1P5MQB09TQMR3L7","38VTL6WC4AE1R4KBW0T7VLDQBA6Y5M","","",641,"Dissonance_no_write",9,1,1,215
"109","Exp1First",3.33333333333333,1,1,3,2,3,5,5,3,9,1,1,1,8,4,1,NA,NA,NA,NA,4.6875,3.91666666666667,5.5,8,5,64,2,"USA","USA",3,7,5,"37W3JXSD669XQ7WOI4MIA5MMXUPWYY","3M47JKRKCX2IV2T7OF5IOE3OEQF86Z","","",824,"Dissonance_no_write",8,4,1,216
"110","Exp1First",3.5,1,2,1,3,1,3,1,3,9,1,1,1,7,1,2,NA,NA,NA,NA,3.4375,3.66666666666667,6.5,1,1,37,2,"USA","USA",4,7,6,"3LQ8PUHQFLTT3HMUJNEFNEIBSNDHIC","371QPA24C2P6M0KYL74WKE8UKSJT1A","","",668,"Dissonance_no_write",7,1,2,217
"111","Exp1First",3.5,1,1,2,3,5,5,5,3,9,7,9,NA,NA,NA,NA,1,1,9,9,3,4.33333333333333,6.5,2,9,28,2,"USA","USA",4,7,3,"3TUI152ZZBOVG4PZU6G34TTQ2811Q3","3ZG552ORAM5SOD6J964PQF6K9JE2VH","","",774,"Dissonance_no_write",1,9,9,220
"112","Exp1First",3.16666666666667,1,1,2,3,3,2,3,3,5,5,3,NA,NA,NA,NA,1,1,7,6,4.125,4.16666666666667,4.5,2,3,35,2,"USA","USA",4,7,6,"31QNSG6A5RU3LM45XSGCJCZ3BOF87W","306W7JMRYYZO1EA2K6MQZUPGSRQ8BK","","",656,"Dissonance_no_write",1,7,6,221
"113","Exp1First",3.66666666666667,1,3,1,2,3,1,5,3,9,1,1,NA,NA,NA,NA,1,3,4,5,3.75,3.58333333333333,2.5,1,13,33,1,"USA","USA",3,7,7,"3EJPLAJKEMHZ1IRNN8BXQIWBFMXZ6O","38VTL6WC4AE1R4KBW0T7VLDQBA6Y5M","","",678,"Dissonance_no_write",3,4,5,222
"114","Exp1First",2.83333333333333,1,2,1,3,1,2,3,3,9,1,1,NA,NA,NA,NA,1,5,3,5,3.8125,3.41666666666667,4.5,5,7,63,2,"United States","United States",2,6,4,"3PJUZCGDJ6H7Z5SYCPEWX8Q96E598B","344M16OZKIG7BO9Q0ZDZIZLWKJ1NEM","","",1176,"Dissonance_no_write",5,3,5,226
"115","Exp1First",3.83333333333333,1,2,1,3,1,1,1,3,9,1,1,1,9,1,1,NA,NA,NA,NA,3,4.25,1,1,18,47,2,"UNITED STATES","UNITED STATES",2,7,7,"3YGXWBAF70I8E2CZC6YAIMBCADB4CF","37MQ8Z1JQEX9S71OEHR9XEAER0FY2L","","",1872,"Dissonance_no_write",9,1,1,227
"116","Exp1First",3.66666666666667,1,2,1,3,1,2,3,3,9,1,1,NA,NA,NA,NA,1,9,1,1,4.1875,3.66666666666667,6,3,6,40,2,"United States","United States",4,7,7,"3Z7VU45IPYI4UWQQH2ZGVM5U7BUZ13","37S0QRNUFBH5ZGCVHU2G8SZFKL588L","","",935,"Dissonance_no_write",9,1,1,228
"117","Exp1First",3.5,1,3,2,1,3,1,3,3,5,1,1,NA,NA,NA,NA,1,1,5,7,4.9375,4.25,7,6,4,40,1,"USA","USA",4,7,4,"3FFJ6VRIL1PISHGYLF7UHMJU67O0I8","3H4IKZHALBJB5UM3TYGI8MF5YB2NNB","","",565,"Dissonance_no_write",1,5,7,229
"118","Exp1First",2.33333333333333,1,2,1,3,2,2,3,3,9,2,1,1,6,4,4,NA,NA,NA,NA,4.5,4.41666666666667,6.5,1,6,31,1,"USA","USA",3,7,6,"3S0TNUHWKTJJ2V5FO5JYJ49ZX0TD87","3E9VAUV7BWFYXAWSRWKO3WTC3O7YAS","","",508,"Dissonance_no_write",6,4,4,233
"119","Exp1First",3.83333333333333,1,1,2,3,4,1,2,3,7,3,2,1,2,8,6,NA,NA,NA,NA,3.875,3.83333333333333,6.5,2,3,30,1,"USA","USA",4,7,6,"33SA9F9TRXVZK2FXI3AO32U6FJXEWG","3NCN4N1H1GI94LX6Q8B9HRFBHMONBM","","",531,"Dissonance_no_write",2,8,6,234
"120","Exp1First",2.5,1,3,1,2,4,7,6,3,4,3,5,1,5,4,3,NA,NA,NA,NA,4.3125,3.5,4.5,3,11,35,1,"USA","USA",1,7,7,"3NC5L260MONJL76RMS3K4Q2KOIEFOO","356TQKY9XFY1Z27C7PAAUS3K91Z87Y","","",325,"Dissonance_no_write",5,4,3,236
"121","Exp1First",3.33333333333333,1,2,3,1,6,6,6,3,7,3,3,1,1,3,3,NA,NA,NA,NA,2.875,4,4.5,0,8,33,2,"United States","United States",3,7,2,"34FNN24DCMA3DOH4M3Z9K599DYZ5Y6","3UL5XDRDNCKMCYTTJWVDW8POIV485J","","",999,"Dissonance_no_write",1,3,3,237
"122","Exp1First",3.83333333333333,1,1,3,2,1,1,1,3,9,2,2,NA,NA,NA,NA,1,7,7,4,3.625,4.58333333333333,6,1,7,57,2,"US","US",5,7,6,"3L4D84MILZTPYS6015ZFZFXB53IJH8","38F60IALAGI6FBZGPO0W69PKF0DT07","","",452,"Dissonance_no_write",7,7,4,238
"123","Exp1First",3.66666666666667,1,2,1,3,1,2,2,3,5,1,1,1,3,2,1,NA,NA,NA,NA,2.8125,4,3.5,4,6,61,1,"United States","United States",4,7,7,"3WZ36BJEV3H9LIZJD73NFAHM8S6TB9","31GN6YMHLPTY81NMTVOR3Z22EMESWJ","","",823,"Dissonance_no_write",3,2,1,242
"124","Exp1First",3.5,1,1,2,3,1,1,1,3,9,1,1,NA,NA,NA,NA,1,5,5,1,3.0625,4.33333333333333,4,2,14,32,2,"USA","USA",4,7,6,"3OHYZ19UGC6OPGPJBCHSQPRTR27AOC","30UZJB2POHD0B1NN7F0H5RHD29C35M","","",1828,"Dissonance_no_write",5,5,1,245
"125","Exp1First",3,1,2,3,1,3,3,4,3,7,3,3,1,6,5,4,NA,NA,NA,NA,3.5,4.41666666666667,3.5,3,5,71,1,"United States","United States",4,7,5,"3JCG6DTRV3RJX89GFL6I5U1YALLQQH","3G3AJKPCXLTJVLGBIVAXQT7CBEBY4H","","",1371,"Dissonance_no_write",6,5,4,254
"126","Exp1First",4.16666666666667,1,1,2,3,7,6,6,3,3,7,7,1,3,7,7,NA,NA,NA,NA,4.0625,4,6.5,0,3,27,2,"USA","USA",4,7,7,"3ZAZR5XV01JOHZ0OXZO0CIOLB96ZCG","3FVBZG9CLJFGA28LPUJ7SQMW46J0H5","","",720,"Dissonance_no_write",3,7,7,256
"127","Exp1First",1.66666666666667,1,2,3,1,1,1,1,3,4,9,8,1,5,6,6,NA,NA,NA,NA,3.9375,3.16666666666667,6.5,8,2,49,1,"United States","United States",5,7,6,"3M0BCWMB8VX1DZ3D8C8Y2UOLCM3WBH","30P8I9JKOIMKNAP6RP6NOM9WTT55VL","","",959,"Dissonance_no_write",5,6,6,257
"128","Exp1First",3.33333333333333,1,2,1,3,2,2,2,3,7,3,3,NA,NA,NA,NA,1,5,5,5,3.5,3.75,3,4,11,46,2,"US","US",4,7,2,"30ZX6P7VF8WLJ23IIKW8CBR9GKHJ27","3YCT0L9OMMA8L7E81UX47GPBLAANSN","","",1345,"Dissonance_no_write",5,5,5,258
"129","Exp1First",2.83333333333333,1,1,2,3,3,4,4,3,5,3,3,1,4,2,4,NA,NA,NA,NA,4.3125,3.58333333333333,4.5,4,3,39,1,"United States","United States",3,7,5,"3RJSC4XJ10V6GTLJEVO0SDFP1L505L","3J6BHNX0U9TAXO10WLO2GUY14GXNK6","","",545,"Dissonance_no_write",4,2,4,259
"130","Exp1First",2.66666666666667,1,1,3,2,4,4,3,3,7,2,2,NA,NA,NA,NA,1,5,5,3,4.375,4.25,4,3,3,72,1,"United States","IN",4,7,4,"3JAOYWH7VI52ECCH6EN02DCFQF0L97","344M16OZKIG7BO9Q0ZDZIZLWKJ1NEM","","",1077,"Dissonance_no_write",5,5,3,260
"131","Exp1First",3,1,3,1,2,1,1,1,3,1,1,1,NA,NA,NA,NA,1,1,1,1,4.625,5.25,7,6,9,46,2,"United States","United States",4,7,7,"3PWWM24LHSZWZL7ZRGZHNLIV09028J","3BFNCI9LYKRFY516V8FE3BV9TF7371","","",727,"Dissonance_no_write",1,1,1,264
"132","Exp1First",4.33333333333333,1,3,1,2,1,1,3,3,1,9,9,1,6,1,5,NA,NA,NA,NA,5,3.91666666666667,7,5,0,33,2,"United States","United States",1,7,5,"3UNH76FOCS61LV2AE2GV17KVZTJMY7","3P520RYKCH7KAV06MZWIS07DFMW5UW","","",498,"Dissonance_no_write",6,1,5,265
"133","Exp1First",4.5,1,1,2,3,4,5,4,3,7,1,1,NA,NA,NA,NA,1,6,1,1,4.5625,4.16666666666667,6,1,10,34,1,"United States","United States",5,7,7,"3QRYMNZ7FYIBMROGGX8W65HGPHCTNQ","38VTL6WC4AE1R4KBW0T7VLDQBA6Y5M","","",672,"Dissonance_no_write",6,1,1,267
"134","Exp1First",3.16666666666667,1,2,3,1,3,3,3,3,9,1,1,1,5,2,2,NA,NA,NA,NA,4.1875,3.41666666666667,4.5,0,13,47,2,"United States","United States",4,7,6,"3MB8LZR5BFUMV8V8ABEPSMQV19LKL9","3HEM8MA6H9DWBCB8P5LRG5F531QPQW","","",797,"Dissonance_no_write",5,2,2,268
"135","Exp1First",3.66666666666667,1,2,1,3,1,1,1,3,9,1,1,1,1,8,8,NA,NA,NA,NA,5.0625,3.58333333333333,7,1,5,59,1,"United States","United States",4,7,7,"35DR22AR5DLBZ44Q3OPEMU4GXWA3X4","37NXA7GVST7YPZSRJCMU5B5TFJ4VLY","","",748,"Dissonance_no_write",1,8,8,269
"136","Exp1First",2.33333333333333,1,2,3,1,4,2,2,3,8,6,5,NA,NA,NA,NA,1,4,5,5,4.875,3.66666666666667,6,1,1,33,1,"United States","United States",4,7,7,"3ZQIG0FLQEHGMD1JDTZY36ISFFYVW3","38F60IALAGI6FBZGPO0W69PKF0DT07","","",589,"Dissonance_no_write",4,5,5,270
"137","Exp1First",1.5,1,1,2,3,1,1,1,3,8,1,1,1,3,4,1,NA,NA,NA,NA,3.0625,3.25,7,3,11,33,1,"usa","usa",4,7,2,"3PJUZCGDJ6H7Z5SYCPEWX8Q96GD89M","3MWOYZD5WVPTNFMFUDGVNBFAOL7NOQ","","",549,"Dissonance_no_write",3,4,1,272
"138","Exp1First",2,1,3,1,2,1,3,3,3,7,1,1,NA,NA,NA,NA,1,2,2,1,4.625,3.83333333333333,4,4,8,35,1,"United States","United States",2,7,4,"34PGFRQONOC7VI1PW4LF0I7YKSSJW7","3P520RYKCH7KAV06MZWIS07DFMW5UW","","",717,"Dissonance_no_write",2,2,1,273
"139","Exp1First",1.5,1,2,3,1,3,1,1,3,6,3,2,NA,NA,NA,NA,1,2,9,6,4.6875,3.33333333333333,7,13,2,36,1,"USA","USA",3,7,1,"33IZTU6J812FJLP5T3QFU2CSPDBSXP","3L2OEKSTW9BKEM3DUY0A75NHD07Y8O","","",1022,"Dissonance_no_write",2,9,6,274
"140","Exp1First",3.16666666666667,1,1,3,2,1,1,1,3,9,1,1,1,7,1,2,NA,NA,NA,NA,4.3125,4.33333333333333,3.5,4,8,68,2,"United States","United States",4,7,7,"34MAJL3QP4OK12GGJDN9PJ7I42843V","3ICOHX7ENCC4QSHJZTB17NPJCQR0EP","","",652,"Dissonance_no_write",7,1,2,275
"141","Exp1First",4.16666666666667,1,1,2,3,5,5,7,3,9,1,1,1,5,5,5,NA,NA,NA,NA,2.75,3.75,3,1,11,46,2,"United States","USA",4,7,6,"3HYA4D452RK5E0HMZU5NXDZHNEH2F6","37Y5RYYI0P6DX1SC30KD5IG9NOKSXC","","",907,"Dissonance_no_write",5,5,5,276
"142","Exp1First",1.83333333333333,1,3,1,2,2,4,3,3,7,3,2,1,4,5,4,NA,NA,NA,NA,4.25,3.83333333333333,5.5,4,3,20,1,"United States","United States",4,7,4,"32N49TQG3GJJF0YGCO36LHL1NWXVAU","37MQ8Z1JQEX9S71OEHR9XEAER0FY2L","","",619,"Dissonance_no_write",4,5,4,278
"143","Exp1First",2.83333333333333,1,2,3,1,3,4,3,3,6,3,3,NA,NA,NA,NA,1,3,5,5,4.8125,3.25,6.5,4,4,55,1,"USA","USA",4,7,6,"3V5Q80FXIXSAYO1TFZ4LW4AKKOF230","3BFF0DJK8XD6GKJSYQJGGFV3ASWSTT","","",483,"Dissonance_no_write",3,5,5,281
"144","Exp1First",3.5,1,3,2,1,5,5,5,3,7,4,4,1,6,6,6,NA,NA,NA,NA,3.25,3.75,5.5,2,8,64,2,"usa","usa",4,7,2,"3VP0C6EFSGXZ2BS48JL3IG020KZM6I","3TLFH2L6Y9PDBL2U4B4APXIZCYY2T1","","",694,"Dissonance_no_write",6,6,6,285
"145","Exp1First",2.66666666666667,1,2,1,3,1,1,2,3,9,2,1,NA,NA,NA,NA,1,3,2,2,5,3.83333333333333,7,6,6,60,1,"usa","usa",4,7,5,"3UNH76FOCS61LV2AE2GV17KVZUTMYJ","3J9UN9O9J3TC183BDUMS432BHYN0JA","","",712,"Dissonance_no_write",3,2,2,286
"146","Exp1First",4.16666666666667,1,2,3,1,3,4,5,3,6,5,6,NA,NA,NA,NA,1,2,6,6,3.75,3.08333333333333,5.5,3,4,33,1,"United States","United States",3,7,5,"3Z2R0DQ0JHFD8MHQ4JLHFVEHBD7E25","3N5YJ55YXG44LBSEKUBDMGV5Z43NAR","","",1368,"Dissonance_no_write",2,6,6,287
"147","Exp1First",2.5,1,3,2,1,1,1,1,3,8,2,2,1,4,7,5,NA,NA,NA,NA,4.25,4.25,1,1,5,54,2,"United States","United States",3,7,5,"39N5ACM9HEOS5XRFY6G7JULZVQKP9U","38VTL6WC4AE1R4KBW0T7VLDQBA75YU","","",849,"Dissonance_no_write",4,7,5,288
"148","Exp1First",4,1,3,2,1,2,2,1,3,7,4,3,1,3,4,6,NA,NA,NA,NA,4.9375,4,3,0,15,68,2,"USA","USA",3,7,6,"3YDTZAI2WXHORZ21W99Q1QSL6I414A","3KVQ0UJWPXMX2ZPBHZBJAOSA0275WV","","",709,"Dissonance_no_write",3,4,6,290
"149","Exp1First",1.5,1,1,2,3,2,2,2,3,7,3,2,NA,NA,NA,NA,1,2,6,5,4.4375,4.16666666666667,5.5,12,0,38,1,"United States","United States",2,7,5,"3Z7EFSHGN9FZC409WH0FFX8A3A2XCD","3FK4G712NX151K6D9QEQ6AZH89ISS4","","",1369,"Dissonance_no_write",2,6,5,292
"150","Exp1First",3.16666666666667,1,2,3,1,3,3,4,3,8,1,2,1,3,2,4,NA,NA,NA,NA,3.875,4.25,6.5,2,3,55,1,"United States of America","United States of America",4,7,4,"3JZQSN0I3QBVTUPTY9QCZHTIXX0FGG","3Z8UJEJOCZEJCOPZA5DYH7MFO5V39D","","",841,"Dissonance_no_write",3,2,4,293
"151","Exp1First",2.66666666666667,1,1,2,3,1,1,1,3,4,6,7,NA,NA,NA,NA,1,2,3,4,3.375,4.41666666666667,7,3,4,48,2,"United States","united states",2,7,7,"32EYX73OY0AB12VX99FNKL8S9TSRUP","30EV7DWJTVWXA8KP1J3CNRRQ75HY62","","",453,"Dissonance_no_write",2,3,4,295
"152","Exp1First",2.33333333333333,1,3,1,2,5,3,4,3,7,7,3,NA,NA,NA,NA,1,5,3,5,3.4375,4.16666666666667,6.5,5,4,32,1,"US","US",4,7,4,"3TESA3PJ31B1REDWVZSK7CXOQKXMMB","382GHPVPHSSIFIJNTAH70ZBZ2DH34H","","",659,"Dissonance_no_write",5,3,5,297
"153","Exp1First",3.66666666666667,1,3,2,1,1,1,1,3,8,1,1,NA,NA,NA,NA,1,4,5,5,3.0625,4.41666666666667,7,9,6,35,1,"United States of America","United States of America",4,7,4,"3X4JMASXCMA8592SF5FDVZFHBIYB06","3ICOHX7ENCC4QSHJZTB17NPJCQR0EP","","",1602,"Dissonance_no_write",4,5,5,298
"154","Exp1First",3,1,1,3,2,1,2,1,3,4,2,2,1,3,5,5,NA,NA,NA,NA,4.375,3.75,6.5,1,8,64,2,"United States","United States",4,7,7,"3SEPORI8WN00OK3QDLS96NYXB81ZAY","3NOEP8XAU43GK9CKBJGJADBY04DPXT","","",862,"Dissonance_no_write",3,5,5,299
"155","Exp1First",4.16666666666667,1,1,2,3,1,1,1,3,9,1,1,NA,NA,NA,NA,1,3,6,5,3.875,4,2.5,3,13,58,2,"United States","United States",4,7,7,"3FFJ6VRIL1PISHGYLF7UHMJU69VI01","3JGHED38EDSGE8YUKT84T5RM2G1Y71","","",2211,"Dissonance_no_write",3,6,5,302
"156","Exp1First",1.66666666666667,1,2,3,1,2,2,2,3,7,5,5,NA,NA,NA,NA,1,2,7,7,4.625,3.91666666666667,6,13,0,35,2,"United States","United States",4,7,5,"3WMOAN2SRBYQZJS5LS8B7N51M4HNVT","351S7I5UG9XFM4VIE0OQFFYOPRXNJ7","","",1090,"Dissonance_no_write",2,7,7,304
"157","Exp1First",2.33333333333333,1,2,1,3,4,3,3,3,3,6,7,1,2,7,7,NA,NA,NA,NA,4.375,3.08333333333333,6,6,2,39,2,"United States","United States",3,7,6,"3VNXK88KKCJ5AHOBKIP6PMAHHF19VH","33EEIIWHK789GW84BHUQMX4NPPRVQN","","",996,"Dissonance_no_write",2,7,7,305
"158","Exp1First",2.16666666666667,1,2,3,1,5,4,4,3,7,5,3,NA,NA,NA,NA,1,2,9,8,4.375,3.91666666666667,5.5,2,1,25,2,"United States","united states",2,7,7,"32EYX73OY0AB12VX99FNKL8S9U1UR3","3U74KRR67MM907RNQU2UHLLXNTONTC","","",1129,"Dissonance_no_write",2,9,8,306
"159","Exp1First",2.66666666666667,1,3,1,2,1,1,1,3,9,1,1,1,7,1,1,NA,NA,NA,NA,3.8125,3.5,5,4,8,41,2,"United States","United States",4,7,5,"323Q6SJS8IH9TQK4IF8UKH5JCYTHFZ","306W7JMRYYZO1EA2K6MQZUPGSRQ8BK","","",741,"Dissonance_no_write",7,1,1,308
"160","Exp1First",4.5,1,1,3,2,3,3,6,3,9,1,1,1,6,1,1,NA,NA,NA,NA,2.75,4.91666666666667,4.5,2,17,41,1,"usa","usa",3,7,4,"3VFJCI1K4Z0SWKU2P4Q6G6710J7GR4","3GMLHYZ0LEYICJAQX11F3X56ARUUYV","","",520,"Worthy",6,1,1,312
"161","Exp1First",3,1,2,3,1,2,3,5,3,6,5,4,NA,NA,NA,NA,1,3,6,5,4.5625,3.75,4.5,3,3,34,1,"U.S","U.S",4,7,5,"3WSELTNVR33428UR7T3RKZXGQ9RTAI","3U18MJKL1UNSEQPC4874SBLTZ7JNCO","","",500,"Worthy",3,6,5,313
"162","Exp1First",4.16666666666667,1,1,2,3,7,6,6,3,5,5,2,NA,NA,NA,NA,1,3,9,3,3.9375,4.5,4,4,1,42,1,"USA","USA",5,7,7,"324G5B4FB39L3XZ22O3XQXTLSQO07M","3SMIWMMK616ENEFQI0JRI0KQZJUWUY","","",425,"Worthy",3,9,3,316
"163","Exp1First",4.5,1,1,2,3,5,5,5,3,7,3,3,1,7,3,2,NA,NA,NA,NA,4.6875,3.58333333333333,5,2,10,35,2,"USA","USA",3,6,6,"3X87C8JFV6CVAOOT7PVN0UGZS8YSQY","3GONHBMNHVZZ41FMKLCCQUXE3ZVZMZ","","",722,"Worthy",7,3,2,319
"164","Exp1First",4,1,3,2,1,2,1,1,3,8,2,1,NA,NA,NA,NA,1,3,6,5,4.3125,3.83333333333333,6.5,2,6,33,1,"USA","USA",4,7,6,"30H4UDGLT2J7CHA9NFKCOGRJVNVMPQ","3L84EBDQ3739PIGXZ8WMO2HXALNKKT","","",578,"Worthy",3,6,5,321
"165","Exp1First",2.5,1,2,3,1,2,1,1,3,6,6,5,NA,NA,NA,NA,1,1,7,6,4,3.58333333333333,5.5,7,3,36,2,"USA","USA",1,7,5,"386PBUZZXFYRKOPQSQEDR7QIMJZJLL","3IWA71V4TIH8A3UFWNHA4DKH5ZIX6Q","","",749,"Worthy",1,7,6,322
"166","Exp1First",3.83333333333333,1,2,3,1,1,1,3,3,7,1,1,1,5,4,5,NA,NA,NA,NA,3.9375,4.16666666666667,4.5,1,5,25,1,"United States","United States",5,7,6,"3ZOTGHDK5ICSPCBDSC3JBPLZD7GSOQ","3XBYQ44Z6P5ZN101IVTHD4YOG5NWT7","","",786,"Worthy",5,4,5,323
"167","Exp1First",3,1,2,3,1,2,1,3,3,8,2,1,1,8,2,2,NA,NA,NA,NA,3.8125,3.33333333333333,3.5,1,19,35,1,"USA","USA",2,7,2,"3L4PIM1GQTHSIBF2JACCN6E55FXRYD","367O8HRHKG9MZZ42JPI887JBUTAS4S","","",478,"Worthy",8,2,2,324
"168","Exp1First",3.83333333333333,1,2,1,3,1,5,5,3,9,1,1,1,6,5,4,NA,NA,NA,NA,3.625,4.08333333333333,5.5,4,7,65,1,"USA","USA",4,7,6,"3QBD8R3Z21K9NR922B71DM5TZREO4G","3GONHBMNHVZZ41FMKLCCQUXE3ZVZMZ","","",932,"Worthy",6,5,4,325
"169","Exp1First",4,1,2,3,1,1,2,1,3,6,3,2,1,4,1,3,NA,NA,NA,NA,4.25,3.33333333333333,6,6,3,48,2,"United States","United States",4,7,5,"3PB5A5BD0V7IE1ANGQS0BPG1Z7E7GX","3L84EBDQ3739PIGXZ8WMO2HXALNKKT","","",742,"Worthy",4,1,3,326
"170","Exp1First",4,1,3,2,1,1,1,1,3,8,1,1,1,4,2,2,NA,NA,NA,NA,4.0625,3.5,5,1,16,35,1,"United States","United States",1,7,4,"3PW9OPU9PQLEOLNESVQ28BVNM2812A","3KL228NDMVN4NWKE9HB7QAP4346KGQ","","",1119,"Worthy",4,2,2,331
"171","Exp1First",3.83333333333333,1,3,2,1,1,1,1,3,8,1,1,NA,NA,NA,NA,1,3,6,5,3.5625,4.08333333333333,6,0,4,35,1,"United States of America","United States of America",3,7,7,"34BBWHLWHACB07HJEM0FOHSY7BEWIF","38O9DZ0A62O79NRI8YWHENQLSQI26L","","",1048,"Worthy",3,6,5,334
"172","Exp1First",4,1,3,1,2,3,2,2,3,7,3,2,1,4,5,5,NA,NA,NA,NA,2.875,3.66666666666667,6,8,6,27,1,"USA","USA",4,7,7,"3PH3VY7DJLYXVX6TEQO1OCVO3OHZWG","3XBYQ44Z6P5ZN101IVTHD4YOG5NWT7","","",368,"Worthy",4,5,5,335
"173","Exp1First",3.66666666666667,1,1,3,2,1,2,4,3,6,5,4,NA,NA,NA,NA,1,3,7,5,5.0625,4.08333333333333,6.5,5,5,39,1,"United States of America","v",3,7,5,"34V1S5K3GS2KVR9AJAHYDUUI0JZ696","3BO3NEOQM0IC7AHNNEYLH8ZOD54IA1","","",822,"Worthy",3,7,5,336
"174","Exp1First",3.5,1,3,1,2,6,5,5,3,7,2,2,1,5,4,3,NA,NA,NA,NA,4.25,4.08333333333333,4.5,0,7,31,1,"USA","USA",3,7,6,"3GDTJDAPVUCM6PBS1YI12UWT6DVM86","3OPLMF3EU5OLHUJIHL03VUBGTGXNL4","","",756,"Worthy",5,4,3,342
"175","Exp1First",4.5,1,3,2,1,1,1,1,3,9,1,1,1,3,6,6,NA,NA,NA,NA,3.3125,3.83333333333333,6,1,9,66,1,"United States of America","United States of America",4,7,7,"3XIQGXAUMC9T0N5D50S4ZBGW2X97XO","3PIOQ99R7YNO0K6CQZS4MH7Z67QUN5","","",1066,"Worthy",3,6,6,343
"176","Exp1First",3,1,2,3,1,1,4,2,3,7,1,1,NA,NA,NA,NA,1,2,5,5,3.9375,4.08333333333333,6.5,5,2,42,1,"United States","United States",2,7,5,"37XITHEISWAFF8EXNIUNQFMM2RGRC6","3FJ2RVH25Z7UR6TG65ZTYXHNIRQ29W","","",587,"Worthy",2,5,5,345
"177","Exp1First",3.33333333333333,1,2,3,1,3,3,4,3,9,1,1,NA,NA,NA,NA,1,4,5,5,3.3125,3.16666666666667,5.5,3,9,34,1,"United States","United States",1,7,4,"3XC1O3LBOSNLYRLV4KSHTDDRKLQLTS","301KG0KX9CMN6CBZ4HNLBEFB14Y2HM","","",1417,"Worthy",4,5,5,347
"178","Exp1First",4.33333333333333,1,2,3,1,1,1,1,3,8,1,1,1,2,1,2,NA,NA,NA,NA,2.8125,4.16666666666667,3.5,2,14,38,1,"United States","United States",2,7,6,"3U5NZHP4LR3LK39YWI4ZWBJNE1WHPC","33W1NHWFYHM3HW56TIDOC8S6X7RZT0","","",1481,"Worthy",2,1,2,348
"179","Exp1First",4,1,1,3,2,1,1,1,3,7,1,1,NA,NA,NA,NA,1,6,1,1,4,3.83333333333333,6,10,10,43,2,"USA","USA",2,7,4,"36WLNQG78ZB7WZHMNCESGOHL5HQEB9","3MG8450X2OBO35IP6E5WQ6CU6MRUP1","","",1320,"Worthy",6,1,1,350
"180","Exp1First",3.83333333333333,1,2,3,1,3,2,2,3,8,7,3,NA,NA,NA,NA,1,6,6,4,4.5,3.91666666666667,4,0,2,30,1,"usa","usa",4,7,3,"3VE8AYVF8MYG0FJBFBEO74CK9CJ8FL","3HFWPF5AK9K1H3LYJBDPY2R5GTES37","","",1194,"Worthy",6,6,4,353
"181","Exp1First",4.33333333333333,1,1,2,3,1,3,1,3,9,1,1,NA,NA,NA,NA,1,9,1,1,3.0625,4.75,4,1,12,44,2,"United States","United States",4,7,5,"39PAAFCODM1OUWXPIOUNGMBTBJ1TVS","3X0EMNLXEPQOGK7PB4F1MSEDKT5VPW","","",569,"Worthy",9,1,1,356
"182","Exp1First",4,1,3,2,1,1,1,1,3,9,1,1,1,8,1,1,NA,NA,NA,NA,3.5,3.83333333333333,4,0,12,59,1,"United States","United States",4,7,6,"373ERPL3YO9W1PG894PDFPMQQDOTRZ","356TQKY9XFY1Z27C7PAAUS3K91Z87Y","","",1026,"Worthy",8,1,1,358
"183","Exp1First",3,1,3,2,1,2,2,3,3,9,1,1,1,8,1,2,NA,NA,NA,NA,2.8125,3.41666666666667,5.5,8,17,42,1,"United States","United States",4,7,5,"32EYX73OY0AB12VX99FNKL8S9RVURR","3L55D8AUFAYMQPTQBAGF9RJ03RSYCU","","",825,"Worthy",8,1,2,359
"184","Exp1First",3,1,3,2,1,5,4,6,3,9,2,1,NA,NA,NA,NA,1,6,4,4,3.25,3.33333333333333,6,2,7,34,2,"United States","United States",4,7,7,"3E47SOBEYQX2M9BEXV0ECNLVFV6CIW","3E9VAUV7BWFYXAWSRWKO3WTC3O7YAS","","",1119,"Worthy",6,4,4,360
"185","Exp1First",3.66666666666667,1,1,2,3,5,1,1,3,6,1,1,1,2,2,1,NA,NA,NA,NA,3.25,2.25,4,14,0,42,2,"USA","USA",3,7,5,"336YQZE83VF3J7SQ30BYQAM24N5M5F","3HEM8MA6H9DWBCB8P5LRG5F531QPQW","","",504,"Worthy",2,2,1,361
"186","Exp1First",3.5,1,2,1,3,1,1,1,3,9,1,1,NA,NA,NA,NA,1,2,1,2,3.5625,4.33333333333333,6,2,12,43,2,"United States","United States",4,7,6,"3W8CV64QJ200SGTRFT82ALJ89XOH9R","38F60IALAGI6FBZGPO0W69PKF0DT07","","",1074,"Worthy",2,1,2,363
"187","Exp1First",3.5,1,3,2,1,2,2,6,3,4,5,4,NA,NA,NA,NA,1,2,3,3,3.375,3.66666666666667,7,3,5,48,2,"USA","USA",3,7,5,"3QECW5O0KH27W2IACXCACOHUYV1T5N","31GN6YMHLPTY81NMTVOR3Z22EMESWJ","","",541,"Worthy",2,3,3,366
"188","Exp1First",3.5,1,2,3,1,2,2,2,3,7,2,2,NA,NA,NA,NA,1,2,2,2,4.5625,4.25,5,0,0,29,4,"usa","usa",2,7,1,"3BV8HQ2ZZW2Y0AJFBGVY9P5261T6AX","3L2OEKSTW9BKEM3DUY0A75NHD07Y8O","","",572,"Worthy",2,2,2,368
"189","Exp1First",4,1,1,2,3,3,4,4,3,6,1,1,NA,NA,NA,NA,1,6,1,1,3.375,4,5,2,14,36,1,"United States","USA",4,7,6,"3A4NIXBJ760HLWVBVNR57ZIZQD6LM3","3WRBLBQ2GR92A6DA5O1P7QAVP660G6","","",821,"Worthy",6,1,1,369
"190","Exp1First",4.33333333333333,1,2,1,3,2,1,1,3,7,3,5,1,1,8,9,NA,NA,NA,NA,3.9375,4,5.5,6,7,40,2,"USA","USA",3,7,5,"3TK8OJTYM1MQ244I17L3BCAWMGJVPS","356TQKY9XFY1Z27C7PAAUS3K91Z87Y","","",794,"Worthy",1,8,9,371
"191","Exp1First",3.33333333333333,1,1,2,3,6,5,6,3,8,1,1,NA,NA,NA,NA,1,8,1,1,3.125,4,5.5,2,18,43,2,"United States","United States",2,7,6,"3NPI0JQDAO6BPC0TWCLOAUMBPV4TPB","3KVQ0UJWPXMX2ZPBHZBJAOSA0275WV","","",696,"Worthy",8,1,1,373
"192","Exp1First",4.5,1,2,1,3,2,4,3,3,9,1,1,1,9,1,1,NA,NA,NA,NA,2.75,4.16666666666667,7,3,15,68,2,"usa","usa",5,7,7,"3A1PQ49WVHII3BQWBGT9VF1PBL3H1L","3OPLMF3EU5OLHUJIHL03VUBGTG2NL9","","",1063,"Worthy",9,1,1,374
"193","Exp1First",4.5,1,2,3,1,1,1,1,3,9,1,2,NA,NA,NA,NA,1,5,5,5,4,3.66666666666667,3,0,0,49,2,"us","us",4,7,4,"32EYX73OY0AB12VX99FNKL8S9R0URW","3E9VAUV7BWFYXAWSRWKO3WTC3O7YAS","","",483,"Worthy",5,5,5,376
"194","Exp1First",2.16666666666667,1,3,1,2,5,5,7,3,5,6,5,1,2,6,7,NA,NA,NA,NA,4.3125,3.41666666666667,5,5,6,27,1,"United States","United States",1,7,2,"352YTHGROVEZVANFYYCBTD8SN5EH4Z","306W7JMRYYZO1EA2K6MQZUPGSRQ8BK","","",826,"Worthy",2,6,7,377
"195","Exp1First",3.83333333333333,1,3,2,1,1,2,2,3,8,1,1,NA,NA,NA,NA,1,5,2,1,3.5625,3.91666666666667,4.5,0,10,42,1,"United States","United States",4,7,7,"3NAPMVF0ZWGSZ72GHB7B9LM0PON27N","3IJ95K7NDXD5V25H6U3NI268XZGNG3","","",689,"Worthy",5,2,1,379
"196","Exp1First",2.33333333333333,1,1,3,2,1,1,1,3,1,3,1,NA,NA,NA,NA,1,1,1,5,3.5625,4.58333333333333,6,7,4,42,1,"United States","United States",2,7,3,"3W2LOLRXLBGXY6QLFVBLEYZU702RKW","38F60IALAGI6FBZGPO0W69PKF0DT07","","",1053,"Worthy",1,1,5,380
"197","Exp1First",4.5,1,1,2,3,3,5,5,3,9,1,1,NA,NA,NA,NA,1,7,2,3,2.75,3.83333333333333,4.5,4,10,45,2,"USA","USA",4,7,7,"39JEC7537U278FVEW2ZXRCBPNX8CVZ","3KVQ0UJWPXMX2ZPBHZBJAOSA0275WV","","",1045,"Worthy",7,2,3,382
"198","Exp1First",4.33333333333333,1,2,1,3,1,1,1,3,7,1,1,1,1,9,9,NA,NA,NA,NA,4.4375,3.83333333333333,5,1,5,34,1,"USA","USA",2,7,5,"3LRLIPTPEQA5ZP44DKPZJ8AK7WJAKC","3AQN9REUTFHWVHZ4B6BQTX1IOR4YDU","","",974,"Worthy",1,9,9,393
"199","Exp1First",3.66666666666667,1,2,1,3,2,3,2,3,3,3,4,1,3,6,5,NA,NA,NA,NA,4.625,3.33333333333333,4.5,2,2,36,2,"United States of America","United States of America",4,7,6,"3EJJQNKU9R66WGPD9A8O16J2FK9RH5","37M4O367VJJ1XNVXDX5W1QQJ20T5M4","","",391,"Worthy",3,6,5,394
"200","Exp1First",2.66666666666667,1,2,3,1,1,3,3,3,7,1,1,1,6,1,1,NA,NA,NA,NA,4.1875,3.41666666666667,4,4,8,53,1,"USA","USA",4,7,6,"3IXQG4FA2TZQ13Q5F1Y6OAGAELYB9M","3J9UN9O9J3TC183BDUMS432BHYN0JA","","",1929,"Worthy",6,1,1,397
"201","Exp1First",4,1,2,3,1,2,2,2,3,8,1,2,NA,NA,NA,NA,1,3,2,5,4.625,3.83333333333333,6,2,6,60,1,"USA","USA",3,7,5,"3BWI6RSP7GAKUNEWAV2CBMVPMSP7E8","3YCT0L9OMMA8L7E81UX47GPBLAANSN","","",862,"Worthy",3,2,5,398
"202","Exp1First",1.5,1,3,2,1,1,1,1,3,9,1,1,1,7,1,1,NA,NA,NA,NA,3.25,4.16666666666667,5.5,9,2,41,2,"USA","USA",2,7,7,"3FTF2T8WLRJIP6OGASU2BOTVOMIW9P","3087LXLJ6MHWW6HFU4V7P5AJOR60F7","","",898,"Worthy",7,1,1,399
"203","Exp1First",3.16666666666667,1,3,2,1,1,1,1,3,6,2,2,NA,NA,NA,NA,1,2,7,6,4.5,3.91666666666667,6,2,4,37,2,"USA","USA",2,7,5,"3AAPLD8UCCIJCV25DZDJ1LKK357HT9","344M16OZKIG7BO9Q0ZDZIZLWKJ1NEM","","",1522,"Worthy",2,7,6,400
"204","Exp1First",3,1,1,3,2,2,4,3,3,5,6,6,NA,NA,NA,NA,1,3,8,8,4.6875,3.08333333333333,7,2,4,39,1,"United States","United States",2,7,3,"3LKC68YZ3A4LWTSMCHDK8EOKJL6WO5","31N9JPQXIPJJVY0SQ0L532I9CZTNH2","","",660,"Worthy",3,8,8,402
"205","Exp1First",4.33333333333333,1,1,3,2,1,1,1,3,9,1,1,NA,NA,NA,NA,1,9,1,1,5.25,3.75,5.5,1,11,65,2,"USA","USA",6,7,7,"3GA6AFUKOOPEDE4BYK7SJ8GM96YH3W","3VADEH0UHCY8OSQLH9AWB5U6LPBPSL","","",1435,"Worthy",9,1,1,405
"206","Exp1First",4,1,3,2,1,1,3,3,3,3,8,6,1,4,5,5,NA,NA,NA,NA,4.625,4.5,6.5,2,1,36,1,"usa","usa",2,7,7,"3AMYWKA6YBNN2EDGLZ0GAKP7VJHO60","3AQN9REUTFHWVHZ4B6BQTX1IOR4YDU","","",602,"Worthy",4,5,5,408
"207","Exp1First",4.16666666666667,1,1,3,2,3,2,2,3,8,1,1,1,5,5,5,NA,NA,NA,NA,5.4375,4.08333333333333,6.5,0,3,55,1,"USA","USA",4,7,4,"3SNVL38CI4TTS412XYLQP30870MKC8","3IJ95K7NDXD5V25H6U3NI268XZGNG3","","",512,"Worthy",5,5,5,410
"208","Exp1First",3.5,1,1,3,2,7,7,7,3,6,4,4,NA,NA,NA,NA,1,3,4,5,4.125,4.08333333333333,5.5,1,5,36,1,"United States","United States",2,7,3,"3X1FV8S5JXSKPRBJYOVGH3W4LQLGV0","3SD15I2WD2VWU5N1CYAMXXVDY4N362","","",1012,"Worthy",3,4,5,411
"209","Exp1First",4,1,2,1,3,1,3,3,3,8,1,1,NA,NA,NA,NA,1,4,2,2,2.75,4.16666666666667,5.5,3,10,28,1,"USA","USA",4,7,3,"32SCWG5HIH55NEPH0ZDVZKUX5OK6P6","3L55D8AUFAYMQPTQBAGF9RJ03RSYCU","","",458,"Worthy",4,2,2,413
"210","Exp1First",4.5,1,2,1,3,9,9,9,3,9,1,1,1,9,1,1,NA,NA,NA,NA,2.75,4.75,4,1,18,34,1,"USA","USA",4,7,7,"3EA3QWIZ4IWJ8QDPJHV41XLZ3I0TIS","3H6W48L9F4Q1V97U1EKX8UXRR27PW0","","",957,"Worthy",9,1,1,416
"211","Exp1First",4,1,1,2,3,2,2,2,3,4,3,1,NA,NA,NA,NA,1,1,8,2,4.0625,4,4,5,10,31,1,"USA","USA",4,7,2,"3H8DHMCCW9C3XW7GXUG199IQS01DK4","37S0QRNUFBH5ZGCVHU2G8SZFKL588L","","",1289,"Worthy",1,8,2,417
"212","Exp1First",3.66666666666667,1,3,1,2,1,1,4,3,8,3,3,1,5,7,6,NA,NA,NA,NA,4.5625,4.16666666666667,6.5,5,3,36,1,"USA","USA",4,7,5,"3DBQWDE4Y6Z91PDQF1QY3PB29ECN5F","3KG2UQJ0MJPW8RZV9Q8ZCGAA3MPNQY","","",805,"Worthy",5,7,6,420
"213","Exp1First",3.66666666666667,1,1,2,3,1,3,2,3,7,4,4,1,5,4,5,NA,NA,NA,NA,4.1875,3.91666666666667,5.5,0,4,36,1,"United States","United States",4,7,5,"3AAJC4I4FGTBPD6U7R5MZM1G1TGZJV","31D0ZWOD0A010F07JO9FB4ZSRBT0AU","","",798,"Worthy",5,4,5,422
"214","Exp1First",4.33333333333333,1,1,2,3,2,1,2,3,9,2,2,1,9,1,1,NA,NA,NA,NA,3.75,3.91666666666667,6,1,7,24,1,"United States","United States",2,7,4,"3ZSY5X72NXCGOXB0DN3ELFG3R67ORA","3PGQRAZX02L2X6IM8W6FOWNIPUESYI","","",1502,"Worthy",9,1,1,423
"215","Exp1First",3.66666666666667,1,2,3,1,5,6,4,3,5,4,4,1,4,5,5,NA,NA,NA,NA,4.0625,3.41666666666667,5.5,0,2,45,1,"United States","United States",3,7,5,"3TPWUS5F892KN4VJMC4TDEU3U75WCQ","356TQKY9XFY1Z27C7PAAUS3K91Z87Y","","",520,"Worthy",4,5,5,424
"216","Exp1First",3.5,1,1,2,3,3,2,2,3,7,2,2,NA,NA,NA,NA,1,2,5,5,4.5625,3.75,6,5,7,51,1,"USA","USA",5,7,5,"3R2UR8A0IAH0LTXCMM96AX2RSN4OXI","31GN6YMHLPTY81NMTVOR3Z22EMESWJ","","",678,"Worthy",2,5,5,429
"217","Exp1First",3.16666666666667,1,3,1,2,3,2,3,3,6,1,1,NA,NA,NA,NA,1,5,1,2,3.75,3.91666666666667,4.5,1,8,57,1,"usa","usa",4,7,6,"3I2PTA7R3TVXM5BL2GML98PPBF7KQX","3M47JKRKCX2IV2T7OF5IOE3OEQF86Z","","",644,"Worthy",5,1,2,430
"218","Exp1First",3,1,3,1,2,3,3,3,3,7,1,1,1,7,1,1,NA,NA,NA,NA,4,3.66666666666667,2.5,0,0,34,2,"United States","United States",4,7,5,"3PQMUDRV7R7TZCXEP5W0NQJQS11IIH","3FVBZG9CLJFGA28LPUJ7SQMW46J0H5","","",710,"Worthy",7,1,1,431
"219","Exp1First",3.5,1,1,2,3,2,1,1,3,8,1,1,NA,NA,NA,NA,1,3,3,2,4.25,3.75,4,1,8,39,1,"USA","USA",4,7,3,"3Y4W8Q93LZLHD71SWYU8BIT78YRDV9","3P520RYKCH7KAV06MZWIS07DFMW5UW","","",503,"Worthy",3,3,2,434
"220","Exp1First",4.5,1,3,2,1,1,1,1,3,9,1,1,NA,NA,NA,NA,1,4,1,1,4,4.5,4.5,5,11,42,2,"United States","United States",2,7,4,"3XXU1SWE8MW3MZX09RFH0OVBT0I0A5","3Z8UJEJOCZEJCOPZA5DYH7MFO5V39D","","",696,"Worthy",4,1,1,436
"221","Exp1First",3.83333333333333,1,3,2,1,1,2,2,3,9,1,1,1,9,1,1,NA,NA,NA,NA,3.6875,3.83333333333333,5.5,6,11,51,1,"United States","United States",5,7,5,"3DPNQGW4LLGJYL3Y2FL7WMJ2ETA461","37Y5RYYI0P6DX1SC30KD5IG9NOKSXC","","",866,"Worthy",9,1,1,442
"222","Exp1First",4.16666666666667,1,2,3,1,1,2,2,3,9,1,1,NA,NA,NA,NA,1,8,1,1,3.3125,4.83333333333333,5,2,16,43,2,"Usa","Usa",4,7,5,"3YT88D1N08Z5F45J45APW0WE1O03KM","3YCT0L9OMMA8L7E81UX47GPBLAASNS","","",1163,"Worthy",8,1,1,444
"223","Exp1First",4.5,1,2,1,3,1,1,1,3,8,2,2,NA,NA,NA,NA,1,7,5,2,3.5625,3.91666666666667,6,1,11,67,1,"United States","United States",2,7,3,"3VE8AYVF8MYG0FJBFBEO74CK9EB8FH","3KVQ0UJWPXMX2ZPBHZBJAOSA0275WV","","",1240,"Worthy",7,5,2,445
"224","Exp1First",4.5,1,2,3,1,4,4,5,3,9,1,1,NA,NA,NA,NA,1,1,6,7,2.875,4.33333333333333,6,1,6,30,2,"United States","United States",2,7,3,"3ND9UOO81K3DQ8PPZPXSGXKQOH0LWE","30EV7DWJTVWXA8KP1J3CNRRQ75HY62","","",909,"Worthy",1,6,7,446
"225","Exp1First",3.5,1,1,3,2,2,2,2,3,9,1,1,1,9,1,1,NA,NA,NA,NA,3,4.08333333333333,5.5,2,13,27,2,"usa","usa",5,6,7,"378XPAWRUCEETUEGDH4N6SV7FU4AIF","33EEIIWHK789GW84BHUQMX4NPPRVQN","","",465,"Worthy",9,1,1,447
"226","Exp1First",3.66666666666667,1,1,2,3,1,2,1,3,8,1,1,1,5,4,3,NA,NA,NA,NA,3.875,4,4.5,4,5,39,2,"United States","United States",2,7,6,"3DIP6YHAPCTOU1JFK0UIPMRKXDXE86","386T3MLZLNWNHR7SMQP1FDTX1NT80Y","","",957,"Worthy",5,4,3,448
"227","Exp1First",3.5,1,2,3,1,1,3,4,3,9,1,1,1,6,1,1,NA,NA,NA,NA,3.8125,4.75,4,3,7,70,2,"United States of America","United States of America",3,7,7,"3IRIK4HM3ALMTPGDVURPFKVQ66UC6P","3NOEP8XAU43GK9CKBJGJADBY04DPXT","","",1297,"Worthy",6,1,1,449
"228","Exp1First",4.33333333333333,1,2,1,3,1,1,1,3,9,1,1,NA,NA,NA,NA,1,9,1,1,3.0625,4.16666666666667,5.5,2,12,57,2,"USA","USA",2,7,6,"3C8HJ7UOP7V1QLCFAOIEFETX5OWMZ9","3MWOYZD5WVPTNFMFUDGVNBFAOL7NOQ","","",1329,"Worthy",9,1,1,452
"229","Exp1First",1.5,1,2,3,1,1,1,5,3,9,1,1,1,5,5,5,NA,NA,NA,NA,3.125,5.25,7,10,9,34,2,"USA","USA",2,7,7,"3A1COHJ8NJW0EBAHA12OAPOXPTQ8HH","38VTL6WC4AE1R4KBW0T7VLDQBA75YU","","",748,"Worthy",5,5,5,453
"230","Exp1First",4.5,1,2,3,1,7,5,7,3,9,1,1,1,1,5,1,NA,NA,NA,NA,3.125,4,4.5,4,6,41,1,"usa","usa",4,7,7,"3FTYUGLFSUM0FDMDQ7CV7KZ8VBY5D5","344M16OZKIG7BO9Q0ZDZIZLWKJ1NEM","","",427,"Worthy",1,5,1,454
"231","Exp1First",3.83333333333333,1,1,3,2,1,2,2,3,9,1,2,NA,NA,NA,NA,1,6,4,4,4.375,3.75,5,1,0,68,1,"USA","USA",4,7,5,"3QEMNNSB2X0F2H0WE0RS54D4MHU7DN","3MWOYZD5WVPTNFMFUDGVNBFAOL7NOQ","","",1069,"Worthy",6,4,4,456
"232","Exp1First",3.66666666666667,1,1,3,2,3,3,3,3,3,3,3,1,5,5,5,NA,NA,NA,NA,4.1875,3.5,4,1,0,51,1,"United States","United States",2,7,7,"32SCWG5HIH55NEPH0ZDVZKUX5PF6P3","382GHPVPHSSIFIJNTAH70ZBZ2DH34H","","",819,"Worthy",5,5,5,457
"233","Exp1First",4.5,1,3,1,2,5,5,5,3,9,1,1,1,5,1,1,NA,NA,NA,NA,2.75,5.25,1,3,5,45,1,"USA","USA",4,7,7,"3N2BF7Y2VQVFZ0CL42C7F7PS9YKHMJ","3N5YJ55YXG44LBSEKUBDMGV5Z43NAR","","",629,"Worthy",5,1,1,458
"234","Exp1First",4.5,1,1,2,3,2,3,3,3,7,2,3,NA,NA,NA,NA,1,2,7,5,4.5,3.83333333333333,5.5,4,3,51,1,"USA","USA",2,7,6,"3EQHHY4HQST3RXW4SXD3D52583HG5T","3U74KRR67MM907RNQU2UHLLXNTONTC","","",1046,"Worthy",2,7,5,459
"235","Exp1First",3.66666666666667,1,1,2,3,1,1,1,3,9,1,1,1,9,1,1,NA,NA,NA,NA,4.9375,3.75,7,3,4,72,1,"United States","United States",2,7,7,"3IQ1VMJRYTLLITLD9NYATZW4W4P9A3","3HEM8MA6H9DWBCB8P5LRG5F531QPQW","","",1218,"Worthy",9,1,1,461
"236","Exp1First",3.83333333333333,1,1,3,2,1,1,2,3,8,1,2,1,6,6,7,NA,NA,NA,NA,4.25,3.16666666666667,6,13,1,61,1,"United States","United States",4,7,5,"3R6BYFZZP7D6FGKJNJQGN3TD0NYFXA","3JGHED38EDSGE8YUKT84T5RM2G1Y71","","",888,"Worthy",6,6,7,465
"237","Exp1First",4,1,3,1,2,2,2,2,3,9,1,1,NA,NA,NA,NA,1,6,3,4,4.75,2.75,4,3,7,69,1,"USA","USA",1,7,3,"3TXMY6UCAEPF37ZXA35NLPCH67ZCQF","33EEIIWHK789GW84BHUQMX4NPPRVQN","","",736,"Worthy",6,3,4,473
"238","Exp1First",4.5,1,3,1,2,2,2,2,3,9,1,1,NA,NA,NA,NA,1,5,3,5,3.75,4.33333333333333,5,6,5,28,2,"usa","usa",2,7,6,"374TNBHA8BWS6A026VNCIG409WYQYK","3E22YV8GG17B8FYG9DTACBK0YQ3NP7","","",504,"Worthy",5,3,5,479
"239","Exp1First",4.16666666666667,1,3,1,2,2,3,1,3,9,1,1,1,8,1,2,NA,NA,NA,NA,4.1875,4.75,1.5,3,1,50,2,"United States","United States",4,7,6,"3JPSL1DZ5S067VP7AXHFB0RO1UDNAP","3E22YV8GG17B8FYG9DTACBK0YQ3NP7","","",833,"Worthy",8,1,2,480
"240","Exp1First",4.5,1,1,3,2,1,2,2,3,9,1,1,NA,NA,NA,NA,1,6,3,3,3.375,4.16666666666667,7,1,11,29,2,"United States of America","United States of America",4,7,7,"37M28K1J0QEAO5YMVZPNITA7SAFAJF","3U74KRR67MM907RNQU2UHLLXNTONTC","","",755,"Worthy",6,3,3,483
"241","Exp1First",4,1,1,2,3,9,1,4,3,2,9,7,1,1,7,9,NA,NA,NA,NA,4.5,3.58333333333333,4.5,4,3,34,1,"USA","USA",3,7,3,"308XBLVESI5W53MR9IYSFVG4K9VBR4","3TUOHPJXYHY64I9LN5UE27JUT1GXWW","","",657,"Worthy",1,7,9,484
"242","Exp1First",3.66666666666667,1,2,3,1,1,1,1,3,5,1,1,NA,NA,NA,NA,1,2,1,5,3.625,3.58333333333333,5,2,12,38,1,"USA","USA",2,7,3,"3VA45EW49NOSVSCJFTOZFOYQN6BO18","31KPKEKW4AE6JP5ZP29B6FJY9SW0B5","","",937,"Neutral",2,1,5,487
"243","Exp1First",3.16666666666667,1,2,1,3,4,3,4,3,7,4,4,NA,NA,NA,NA,1,6,5,5,4.25,3.91666666666667,4,2,1,28,1,"USA","USA",4,7,3,"3NLZY2D53PQ86BT3NGYMO8240DYLQJ","3XH7ZM9YX2VBVQA1LVEUZ5PVUIT9R3","","",825,"Neutral",6,5,5,488
"244","Exp1First",1.5,1,3,2,1,5,1,3,3,9,1,1,NA,NA,NA,NA,1,9,1,1,4.125,3.58333333333333,7,13,15,34,1,"USA","USA",1,7,4,"30BUDKLTXDW57J0DM2NFD2HTVL35EY","3UAU495MIIT6I56ORESH1674WHVUOK","","",497,"Neutral",9,1,1,489
"245","Exp1First",3.83333333333333,1,1,3,2,2,2,2,3,9,1,1,NA,NA,NA,NA,1,3,6,6,4.0625,3,5,2,7,57,2,"United States","United States",4,7,6,"3LKC68YZ3A4LWTSMCHDK8EOKJKDOW2","3L84EBDQ3739PIGXZ8WMO2HXALNKKT","","",510,"Neutral",3,6,6,492
"246","Exp1First",3,1,3,2,1,2,2,3,3,9,1,1,NA,NA,NA,NA,1,3,5,4,3.5625,4.41666666666667,4,8,7,29,1,"United States","United States",4,7,6,"3JZQSN0I3QBVTUPTY9QCZHTIXVWGF9","3XT3KXP24ZZBK85KX1H913X2HMEI6B","","",889,"Neutral",3,5,4,495
"247","Exp1First",3.33333333333333,1,1,2,3,1,1,1,3,9,1,1,1,9,1,1,NA,NA,NA,NA,4.8125,4.16666666666667,7,9,1,43,2,"usa","usa",3,7,7,"3Z9WI9EOZZPK9CCIJQZR0UXOKRQHKB","367O8HRHKG9MZZ42JPI887JBUTAS4S","","",939,"Neutral",9,1,1,497
"248","Exp1First",4.5,1,3,2,1,5,1,5,3,9,1,1,1,9,1,1,NA,NA,NA,NA,3.3125,3.5,4,2,11,71,2,"United States of America","United States of America",4,7,7,"3SKRO2GZ71S951R4H1W687HH32V1KX","3DWGDA5POF5LZSONQ24BLWWFHDUV1N","","",946,"Neutral",9,1,1,498
"249","Exp1First",3.16666666666667,1,3,2,1,1,1,1,3,9,1,1,1,9,1,1,NA,NA,NA,NA,4.25,4.41666666666667,7,3,13,58,2,"USA","USA",4,7,7,"320DUZ38G7NBYWBPHZHXEFLAQ2EGJD","3B623HUYJ4RNI0R4VS8LPJZGWF6S8Z","","",676,"Neutral",9,1,1,499
"250","Exp1First",4.5,1,1,2,3,1,1,1,3,9,1,1,1,6,3,4,NA,NA,NA,NA,4,3.75,7,4,11,64,2,"USA","USA",2,7,7,"3B2X28YI3WG3JKO7HUVU40P8OJ2B6L","3NCN4N1H1GI94LX6Q8B9HRFBHMJNBH","","",727,"Neutral",6,3,4,502
"251","Exp1First",3.83333333333333,1,2,1,3,3,2,3,3,4,4,3,1,2,8,7,NA,NA,NA,NA,3.25,4.75,5.5,5,9,29,2,"United States","United States",3,7,6,"3JWH6J9I9SEBQ5UZGBHB6BBUJ9RBNV","31GN6YMHLPTY81NMTVOR3Z22EM9WSI","","",844,"Neutral",2,8,7,504
"252","Exp1First",4,1,1,2,3,1,1,1,3,5,5,1,NA,NA,NA,NA,1,1,8,5,2.8125,4.16666666666667,7,5,7,47,1,"USA","USA",4,7,6,"3S0TNUHWKTJJ2V5FO5JYJ49ZXZ3D8F","38O9DZ0A62O79NRI8YWHENQLSQI26L","","",1348,"Neutral",1,8,5,508
"253","Exp1First",3.66666666666667,1,3,1,2,2,2,4,3,7,4,3,NA,NA,NA,NA,1,3,7,6,3.4375,3.83333333333333,5,4,4,47,1,"US","US",4,7,5,"3SB5N7Y3O354WQA3VR7RWA6ERT8G06","3GMLHYZ0LEYICJAQX11F3X56ARUUYV","","",1159,"Neutral",3,7,6,510
"254","Exp1First",4.16666666666667,1,1,2,3,1,1,2,3,7,1,1,1,2,9,8,NA,NA,NA,NA,4.25,3.83333333333333,6.5,4,5,43,2,"United States","United States",2,7,6,"37UQDCYH6XW1WY0I5LRMBQJBMM37VN","33KGGVH24UID3HTIQH5T9HT0XO2X1S","","",828,"Neutral",2,9,8,513
"255","Exp1First",3.16666666666667,1,1,3,2,5,5,7,3,5,3,3,NA,NA,NA,NA,1,3,5,5,4.3125,4,6,5,3,35,1,"United States","United States",3,7,4,"3OUYGIZWR7ZA9332YAXEQJK6SKV0PU","3J5XXLQDHMCH9V22D6IU9PBCFX8V3F","","",669,"Neutral",3,5,5,515
"256","Exp1First",4,1,1,2,3,3,3,2,3,8,1,1,NA,NA,NA,NA,1,6,2,3,4.3125,3.41666666666667,4,1,1,33,1,"USA","USA",4,7,5,"3L4D84MILZTPYS6015ZFZFXB52QJHE","301KG0KX9CMN6CBZ4HNLBEFB14Y2HM","","",1857,"Neutral",6,2,3,516
"257","Exp1First",4.33333333333333,1,1,3,2,1,2,2,3,8,1,1,1,6,2,3,NA,NA,NA,NA,3.4375,3.83333333333333,4,3,16,39,2,"United States","United States",3,7,5,"3LEIZ60CDJ0MJ1TLLFE9ASND5NWZ9Q","3KA7IJSNW669769J6NO1LGK6H1KPBF","","",1782,"Neutral",6,2,3,517
"258","Exp1First",3.5,1,2,1,3,1,1,5,3,9,1,1,1,4,5,5,NA,NA,NA,NA,3.3125,3.33333333333333,7,2,9,31,1,"usa","usa",2,7,4,"3M68NM076H8QZR5WDRHK4FUC65E6R2","3J6BHNX0U9TAXO10WLO2GUY14GXNK6","","",494,"Neutral",4,5,5,518
"259","Exp1First",3.66666666666667,1,1,3,2,1,1,1,3,9,2,2,1,7,6,4,NA,NA,NA,NA,4.1875,3.66666666666667,7,4,4,56,1,"usa","usa",4,7,4,"39ZSFO5CA8XU3ECK146EIUM1ZA1UJZ","3HEM8MA6H9DWBCB8P5LRG5F531QPQW","","",873,"Neutral",7,6,4,519
"260","Exp1First",4,1,2,1,3,1,1,1,3,9,1,1,1,3,2,3,NA,NA,NA,NA,3.125,4.08333333333333,6.5,2,11,41,2,"USA","USA",4,7,7,"3IRIK4HM3ALMTPGDVURPFKVQ64BC62","3NCN4N1H1GI94LX6Q8B9HRFBHMONBM","","",1198,"Neutral",3,2,3,522
"261","Exp1First",4.5,1,3,1,2,1,1,1,3,9,1,1,1,9,1,1,NA,NA,NA,NA,3.9375,3.83333333333333,5.5,7,14,41,2,"USA","USA",3,7,7,"3KJYX6QCM9CUGT1K6UGJEGOKDHBVJQ","3YGYP13641AWKSEVM5XZH6KFZ8RNRZ","","",1012,"Neutral",9,1,1,523
"262","Exp1First",2.5,1,2,1,3,1,3,3,3,8,1,2,1,1,5,5,NA,NA,NA,NA,3.9375,3.5,4,3,3,35,2,"United States","FL",2,7,4,"3A1PQ49WVHII3BQWBGT9VF1PBL01H2","3X0EMNLXEPQOGK7PB4F1MSEDKT5VPW","","",1513,"Neutral",1,5,5,525
"263","Exp1First",3.16666666666667,1,2,1,3,4,3,3,3,8,1,1,1,5,2,2,NA,NA,NA,NA,4.0625,4.25,5.5,1,15,41,2,"usa","usa",4,7,5,"3X66WABAJWJ0DI90EEPAY84LU50G39","3NCN4N1H1GI94LX6Q8B9HRFBHMONBM","","",571,"Neutral",5,2,2,526
"264","Exp1First",4,1,3,2,1,2,2,2,3,9,1,1,NA,NA,NA,NA,1,7,5,3,3.25,4.58333333333333,4.5,3,16,66,2,"USA","USA",3,7,7,"3IHR8NYAM72R8RL3HBKG2MAJ9WL4PO","3VADEH0UHCY8OSQLH9AWB5U6LPBPSL","","",827,"Neutral",7,5,3,527
"265","Exp1First",3.5,1,1,3,2,2,3,4,3,2,1,1,NA,NA,NA,NA,1,4,5,5,3.5625,3.58333333333333,6,1,2,59,1,"United States","United States",4,7,6,"3VSOLARPKBALY8MS08J06RIYQS693C","37Y5RYYI0P6DX1SC30KD5IG9NOKSXC","","",1583,"Neutral",4,5,5,528
"266","Exp1First",3,1,3,2,1,4,3,4,3,8,1,1,NA,NA,NA,NA,1,2,5,3,3.9375,4.33333333333333,4,8,4,28,2,"USA","USA",5,7,5,"3SKEMFQBZ36RG1BPGM5LNH4PH8DK8C","37NXA7GVST7YPZSRJCMU5B5TFJ4VLY","","",402,"Neutral",2,5,3,532
"267","Exp1First",4.5,1,1,3,2,2,2,2,3,9,1,1,1,9,1,1,NA,NA,NA,NA,4.1875,4.41666666666667,4,0,18,53,2,"USA","USA",4,7,3,"37C0GNLMHF4WYHMRVQM0ZQD8R4QD66","3TZ0XG8CBUL5DLV5MM8U8OUQ4RN89A","","",1026,"Neutral",9,1,1,536
"268","Exp1First",3.5,1,1,2,3,3,2,6,3,7,1,2,1,4,6,3,NA,NA,NA,NA,4.5625,3.91666666666667,3,2,9,29,1,"USA","USA",3,7,7,"3E1QT0TDFPA0A6L1GJK9A1PCP4PI80","37S0QRNUFBH5ZGCVHU2G8SZFKL588L","","",589,"Neutral",4,6,3,537
"269","Exp1First",4.33333333333333,1,2,1,3,1,1,1,3,9,1,1,1,5,1,1,NA,NA,NA,NA,4.625,3.33333333333333,6.5,3,14,71,1,"United States","United States",2,7,5,"31UV0MXWNQDHNO2ZILD6YHFLNEQ5IN","3HEADTGN2PT9SXN4OWJQRNESLBTVRO","","",1344,"Neutral",5,1,1,542
"270","Exp1First",3.66666666666667,1,3,2,1,3,4,6,3,5,5,6,NA,NA,NA,NA,1,6,7,2,2.75,3.91666666666667,3.5,7,8,30,4,"USA","USA",4,7,4,"3KB8R4ZV1E85GDDDT74GGR2XIXNGBA","3087LXLJ6MHWW6HFU4V7P5AJOR60F7","","",828,"Neutral",6,7,2,543
"271","Exp1First",2.66666666666667,1,2,1,3,1,1,3,3,9,1,1,1,9,1,1,NA,NA,NA,NA,4,4.33333333333333,5.5,4,12,40,2,"United States","United States",2,7,2,"3NXNZ5RS1AY3ZRNF2KMQJ8UEVUZ79M","36KM3FWE3RDJHD29CLXV1DX2Q3N073","","",1672,"Neutral",9,1,1,544
"272","Exp1First",3.83333333333333,1,2,3,1,3,2,2,3,7,6,5,NA,NA,NA,NA,1,4,7,6,4.375,3.83333333333333,6.5,3,5,36,2,"USA","USA",2,7,6,"3IRIK4HM3ALMTPGDVURPFKVQ64OC6F","3VADEH0UHCY8OSQLH9AWB5U6LPBPSL","","",1460,"Neutral",4,7,6,545
"273","Exp1First",3.16666666666667,1,1,2,3,2,2,2,3,8,1,2,NA,NA,NA,NA,1,2,6,6,3.4375,3.83333333333333,4,1,4,35,2,"United States","United States",4,7,6,"3FE7TXL1LIO25P7VDAGH9C3VUFOQ2K","38F60IALAGI6FBZGPO0W69PKF0DT07","","",739,"Neutral",2,6,6,546
"274","Exp1First",4.16666666666667,1,1,3,2,1,2,3,3,1,9,9,NA,NA,NA,NA,1,2,7,7,4.3125,4.16666666666667,5,3,7,29,1,"United States","United States",5,7,7,"3634BBTX0OV9PLVOOXQFKT6YC9EIFV","3UL5XDRDNCKMCYTTJWVDW8POIV485J","","",855,"Neutral",2,7,7,549
"275","Exp1First",4.33333333333333,1,1,3,2,1,2,1,3,9,1,1,1,6,1,1,NA,NA,NA,NA,3.875,4.16666666666667,5,0,15,63,1,"United States","United States",4,7,6,"33NF62TLXJ3G0I787Q2CC7D3XKPJKF","3G3AJKPCXLTJVLGBIVAXQT7CBEBY4H","","",980,"Neutral",6,1,1,552
"276","Exp1First",3.5,1,2,3,1,1,5,1,3,6,1,2,NA,NA,NA,NA,1,5,5,7,3.375,3.66666666666667,5.5,2,10,38,2,"usa","usa",4,6,4,"3B837J3LDOXVMP3TK4KN5KQ4OVVRSV","3YCT0L9OMMA8L7E81UX47GPBLAANSN","","",1969,"Neutral",5,5,7,553
"277","Exp1First",2.83333333333333,1,2,1,3,1,2,2,3,8,1,1,1,7,2,1,NA,NA,NA,NA,4.1875,4,6.5,5,7,53,2,"USA","USA",3,7,5,"3TPZPLC3M0D6QV2ZHXFXSHIDVXM3P1","3KG2UQJ0MJPW8RZV9Q8ZCGAA3MPNQY","","",557,"Neutral",7,2,1,559
"278","Exp1First",3.83333333333333,1,2,1,3,2,1,2,3,6,1,1,1,4,4,2,NA,NA,NA,NA,3.375,3.91666666666667,5.5,2,13,24,2,"united states of america","united states of america",2,7,5,"3F6KKYWMNB2452SJU78H11ZUMVBNDO","3Z8UJEJOCZEJCOPZA5DYH7MFO5V39D","","",884,"Neutral",4,4,2,561
"279","Exp1First",4.16666666666667,1,3,1,2,3,2,4,3,9,1,1,NA,NA,NA,NA,1,6,1,1,4.375,4.33333333333333,3.5,2,5,59,2,"United States","united states",4,7,5,"3CFVK00FWLMFWTAJ87KOI3LD0EP6LE","3J6BHNX0U9TAXO10WLO2GUY14GXNK6","","",1107,"Neutral",6,1,1,562
"280","Exp1First",4,1,3,2,1,1,1,1,3,8,1,1,1,7,1,1,NA,NA,NA,NA,3.25,3.75,3.5,1,9,61,1,"USA","USA",4,7,6,"326O153BMIZ0BWF6185YBE5L83EDET","3FK4G712NX151K6D9QEQ6AZH89ISS4","","",1425,"Neutral",7,1,1,564
"281","Exp1First",4,1,1,2,3,1,1,1,3,9,1,1,1,9,1,1,NA,NA,NA,NA,3.6875,3.25,7,4,7,55,2,"usa","usa michigan",4,7,7,"3SUWZRL0MYE1QN0RRLXK58VTRHS6EV","3TZ0XG8CBUL5DLV5MM8U8OUQ4RN89A","","",1343,"Neutral",9,1,1,565
"282","Exp1First",3.66666666666667,1,2,3,1,1,1,3,3,9,1,1,NA,NA,NA,NA,1,2,8,7,4.375,3.91666666666667,6,1,6,48,2,"USA","USA",5,7,7,"33TIN5LC04BMEBJGPTCQWLEBZUB9YU","3HUR21WDDUQATN4L26C2N44A49GXYV","","",666,"Neutral",2,8,7,566
"283","Exp1First",4.5,1,1,3,2,1,2,1,3,9,1,1,1,5,2,2,NA,NA,NA,NA,3.25,4.08333333333333,7,1,8,36,1,"USA","USA",5,7,7,"3KGTPGBS6XMUXIECUJ0MJD0KX0TU2S","3J6BHNX0U9TAXO10WLO2GUY14GXNK6","","",535,"Neutral",5,2,2,569
"284","Exp1First",4.5,1,1,3,2,1,1,1,3,9,1,1,1,8,1,1,NA,NA,NA,NA,3.875,4.08333333333333,5.5,1,12,71,2,"USA","USA",4,7,7,"3ERMJ6L4DYTI6B69RTQVOU0YVUC7MT","3Z8UJEJOCZEJCOPZA5DYH7MFO5V39D","","",1096,"Neutral",8,1,1,570
"285","Exp1First",3.66666666666667,1,2,3,1,1,3,1,3,7,1,2,1,3,5,3,NA,NA,NA,NA,3.625,4,5.5,0,15,39,1,"usa","usa",2,7,4,"38F71OA9GTXVL4LF9CO7CMDFTJWMFF","36KM3FWE3RDJHD29CLXV1DX2Q3N073","","",1189,"Neutral",3,5,3,572
"286","Exp1First",4.33333333333333,1,3,2,1,1,1,2,3,9,1,1,NA,NA,NA,NA,1,3,3,2,5.0625,4.25,5.5,5,0,63,2,"usa","usa",4,7,6,"35H6S234SA11U47YGK4H1EPGEP4657","3JVP4ZJHDPTG6XJ5VC1SS2NB4JY0IY","","",663,"Neutral",3,3,2,574
"287","Exp1First",2.5,1,1,3,2,1,1,1,3,8,2,2,1,6,5,7,NA,NA,NA,NA,3.75,5,6,10,6,37,2,"US","US",4,7,6,"3VHP9MDGRNLICI9OWNUT9Q83Z5TCFO","371QPA24C2P6M0KYL74WKE8UKSJT1A","","",714,"Neutral",6,5,7,575
"288","Exp1First",3.5,1,2,1,3,1,1,1,3,9,1,1,1,5,1,1,NA,NA,NA,NA,5.75,4,4,6,9,32,2,"United States","United States",2,7,7,"3II4UPYCOJ8P8Z5BAZ0Y5VUZR7EDQJ","3G3AJKPCXLTJVLGBIVAXQT7CBEBY4H","","",1189,"Neutral",5,1,1,576
"289","Exp1First",3.83333333333333,1,1,3,2,1,2,3,3,2,2,5,1,3,5,8,NA,NA,NA,NA,3.6875,3.58333333333333,5,5,10,44,3,"United States","United States",2,7,6,"3Z7VU45IPYI4UWQQH2ZGVM5U7DXZ1A","3H6W48L9F4Q1V97U1EKX8UXRR27PW0","","",1214,"Neutral",3,5,8,578
"290","Exp1First",4.16666666666667,1,2,3,1,1,1,1,3,9,1,1,NA,NA,NA,NA,1,9,1,1,3.0625,4.25,6.5,10,14,64,2,"USA","USA",5,7,7,"37QW5D2ZRGNP4KOXLVENE3VZY45S8K","371QPA24C2P6M0KYL74WKE8UKSJT1A","","",683,"Neutral",9,1,1,579
"291","Exp1First",3,1,2,1,3,1,1,1,3,9,1,1,1,7,1,1,NA,NA,NA,NA,4.375,3.41666666666667,5,2,8,73,2,"USA","USA",4,7,5,"3PXX5PX6LXZ46M0A77C6K5RUK4JBA6","37ZQELHEQ0Z5NC13HX1IV7Q5TLSNMB","","",1194,"Neutral",7,1,1,580
"292","Exp1First",2.16666666666667,1,1,2,3,3,1,3,3,7,2,1,NA,NA,NA,NA,1,3,7,6,4.9375,4,5,7,8,56,1,"United States","United States",1,7,5,"3SUWZRL0MYE1QN0RRLXK58VTRI7E6K","33EEIIWHK789GW84BHUQMX4NPPRVQN","","",1028,"Neutral",3,7,6,581
"293","Exp1First",3.83333333333333,1,1,2,3,1,2,2,3,7,2,2,NA,NA,NA,NA,1,3,6,6,4,4.25,5.5,5,7,38,2,"USA","USA",4,7,6,"3G2UL9A02DFGH8LH4DJEZY3C5V567S","3AQN9REUTFHWVHZ4B6BQTX1IOR4YDU","","",602,"Neutral",3,6,6,582
"294","Exp1First",4,1,1,3,2,1,2,2,3,7,1,2,1,4,1,4,NA,NA,NA,NA,3.5,3.75,4.5,0,14,37,1,"US","US",2,7,5,"39PAAFCODM1OUWXPIOUNGMBTBLLTVG","3ZG552ORAM5SOD6J964PQF6K9JE2VH","","",2292,"Neutral",4,1,4,584
"295","Exp1First",4,1,1,2,3,2,1,3,3,9,1,1,NA,NA,NA,NA,1,5,4,3,4.6875,3.5,5.5,2,4,62,1,"United States","United States",5,7,7,"3QBD8R3Z21K9NR922B71DM5TZTC4OY","3ZG552ORAM5SOD6J964PQF6K9JE2VH","","",549,"Neutral",5,4,3,585
"296","Exp1First",4,1,2,1,3,1,1,1,3,9,1,1,1,7,1,1,NA,NA,NA,NA,4.125,4.16666666666667,5,0,9,48,2,"United States","United States",4,7,5,"3SLE99ER0NE57U8IJZS51YI3TPVZB0","3BFF0DJK8XD6GKJSYQJGGFV3ASWSTT","","",671,"Neutral",7,1,1,586
"297","Exp1First",4,1,1,2,3,3,3,4,3,9,1,1,NA,NA,NA,NA,1,9,1,1,5.125,4.16666666666667,5.5,1,11,65,2,"United States","United States",1,7,7,"3WMOAN2SRBYQZJS5LS8B7N51M34NVE","3FK4G712NX151K6D9QEQ6AZH89ISS4","","",2052,"Neutral",9,1,1,587
"298","Exp1First",3.83333333333333,1,1,3,2,1,1,1,3,9,1,1,1,6,1,1,NA,NA,NA,NA,3.625,3.66666666666667,5,1,12,52,2,"USA","USA",4,7,6,"39GXDJN2OTF5WC51FQJSPQF6X8AV83","351S7I5UG9XFM4VIE0OQFFYOPRXNJ7","","",1109,"Neutral",6,1,1,590
"299","Exp1First",4,1,3,1,2,4,2,8,3,9,1,1,NA,NA,NA,NA,1,6,1,1,3.1875,4.08333333333333,7,7,5,60,2,"United States","United States",4,7,6,"37TD41K0AHARGNEA27USGPRIOVCCSW","3JVP4ZJHDPTG6XJ5VC1SS2NB4JY0IY","","",647,"Neutral",6,1,1,594
"300","Exp1First",3.66666666666667,1,2,3,1,1,1,1,3,7,1,1,NA,NA,NA,NA,1,3,6,6,3.875,4.25,7,6,14,51,1,"United States","United States",2,7,5,"3J88R45B2GZI6T9D1MMLZX7H2U8XPK","3UUIU9GZC565AILHMU68N4LBW8P5T5","","",1072,"Neutral",3,6,6,598
"301","Exp1First",4,1,1,3,2,1,1,1,3,9,1,1,NA,NA,NA,NA,1,4,2,1,4.25,2.75,7,5,1,67,1,"United States","United States",4,7,6,"3EO896NRAWWF31XV1ZG4DY0ZGZJJTS","3UUIU9GZC565AILHMU68N4LBW8P5T5","","",792,"Neutral",4,2,1,600
"302","Exp1First",3.5,1,1,3,2,3,2,2,3,4,5,4,NA,NA,NA,NA,1,5,4,4,5,3.91666666666667,6,3,5,35,2,"United States","United States",4,7,5,"3VNL7UK1XFKZYZBZI9PJY087NS5TF2","3ICOHX7ENCC4QSHJZTB17NPJCQR0EP","","",492,"Neutral",5,4,4,601
"303","Exp1First",3.33333333333333,1,1,3,2,2,2,1,3,3,7,5,NA,NA,NA,NA,1,1,5,5,4.0625,4.5,6,16,2,39,2,"United States","United States",2,7,6,"326O153BMIZ0BWF6185YBE5L858EDS","3PGQRAZX02L2X6IM8W6FOWNIPUESYI","","",516,"Neutral",1,5,5,603
"304","Exp1First",4.16666666666667,1,3,2,1,2,1,2,3,9,1,1,1,4,1,1,NA,NA,NA,NA,4.6875,3.5,3.5,5,10,55,2,"USA","USA",5,7,6,"3CTOC39K37RS530OOWD3828HR2C7JO","3HEADTGN2PT9SXN4OWJQRNESLBTVRO","","",621,"Neutral",4,1,1,606
"305","Exp1First",2.83333333333333,1,1,3,2,2,3,3,3,7,4,2,NA,NA,NA,NA,1,3,7,6,3.6875,4,4.5,0,10,31,1,"United States","United States",4,7,6,"38F5OAUN5NDWEX5Y0WAIWPS2EA97HK","3E22YV8GG17B8FYG9DTACBK0YQ3NP7","","",538,"Neutral",3,7,6,607
"306","Exp1First",4,1,2,3,1,1,1,1,3,9,1,1,1,5,1,1,NA,NA,NA,NA,4.75,2.33333333333333,7,8,8,62,1,"USA","USA",4,7,3,"3EF8EXOTT1WEUHLMZGWU7SH4ODN1JQ","34O39PNDK69UJJPYJFSQQBKLIIWBRF","","",931,"Negative",5,1,1,612
"307","Exp1First",3.83333333333333,1,2,3,1,2,2,2,3,7,2,2,1,5,2,2,NA,NA,NA,NA,4.5625,2.75,6,3,1,48,1,"United States","united states",4,7,4,"3AMYWKA6YBNN2EDGLZ0GAKP7VIK6OJ","3FULMHZ7OUYJ14RXZSMMWYK524T4MT","","",468,"Negative",5,2,2,613
"308","Exp1First",3.83333333333333,1,3,1,2,1,1,1,3,5,2,2,1,6,1,1,NA,NA,NA,NA,3.4375,3.66666666666667,4.5,1,11,47,2,"USA","USA",5,7,5,"3A4NIXBJ760HLWVBVNR57ZIZQDULMR","3MQY1YVHS3LDFZ8D4PDPP3CD6RT2B6","","",651,"Negative",6,1,1,616
"309","Exp1First",2.5,1,1,2,3,1,1,1,3,9,1,1,1,2,5,5,NA,NA,NA,NA,4.375,3.75,7,10,2,32,1,"USA","USA",1,7,6,"34S6N1K2ZVKVTIU04QBSFUA39RVLHI","33W1NHWFYHM3HW56TIDOC8S6X7RZT0","","",796,"Negative",2,5,5,619
"310","Exp1First",3.83333333333333,1,1,2,3,2,3,3,3,6,3,2,NA,NA,NA,NA,1,4,5,4,3.6875,4.41666666666667,5,4,3,44,1,"United States","Iowa",4,7,6,"33FOTY3KEMMRM3FGPOF8KO49YTLC1U","3XBYQ44Z6P5ZN101IVTHD4YOG5NWT7","","",691,"Negative",4,5,4,620
"311","Exp1First",4.5,1,3,1,2,2,2,1,3,9,1,1,NA,NA,NA,NA,1,1,5,2,3.0625,3.91666666666667,6.5,0,15,39,1,"USA","USA",5,7,7,"39ZSFO5CA8XU3ECK146EIUM1ZASUJQ","3IJ95K7NDXD5V25H6U3NI268XZBNGY","","",452,"Negative",1,5,2,621
"312","Exp1First",4.33333333333333,1,3,1,2,9,8,7,3,9,1,1,NA,NA,NA,NA,1,9,2,1,4.8125,3.83333333333333,4.5,5,7,26,2,"USA","USA",5,7,7,"3VA45EW49NOSVSCJFTOZFOYQN75O14","31KSVEGZ34TM7MN9E6OMDPX6SKQWRU","","",342,"Negative",9,2,1,622
"313","Exp1First",3,1,2,3,1,1,1,1,3,8,5,4,NA,NA,NA,NA,1,2,6,7,4.6875,3.75,5.5,7,1,41,1,"USA","USA",4,7,3,"3AAJC4I4FGTBPD6U7R5MZM1G1S7JZ4","336OE47KI2LE0T4QNQTWEMM9DQ3WVN","","",749,"Negative",2,6,7,624
"314","Exp1First",3,1,3,2,1,1,1,1,3,9,1,1,NA,NA,NA,NA,1,5,5,5,4.25,4.08333333333333,4,13,6,33,1,"United States","United States",2,7,3,"32M8BPYGATNF3LRJZHWX2E6ADNOIG2","3XQ4XW3OD9DCWLPFFBZKFSMDAFES2W","","",694,"Negative",5,5,5,625
"315","Exp1First",3.5,1,3,2,1,2,1,1,3,9,1,1,1,9,1,1,NA,NA,NA,NA,4.1875,3.83333333333333,6.5,7,7,31,2,"united states","united states",4,7,7,"35GMH2SV3EIRFT6VRHJEM8HKCG8OEM","3XQ4XW3OD9DCWLPFFBZKFSMDAFES2W","","",488,"Negative",9,1,1,628
"316","Exp1First",4.16666666666667,1,1,3,2,1,3,3,3,8,4,3,NA,NA,NA,NA,1,6,2,2,4.0625,2.58333333333333,3.5,2,8,30,2,"United States","United States",4,7,7,"32Z9ZLUT1LL3Z3XXHIRK7BEX4W0HOV","35A1YQPVFEHF1456SI749XJ2LR3I5V","","",968,"Negative",6,2,2,630
"317","Exp1First",2.16666666666667,1,3,1,2,3,2,5,3,6,4,6,NA,NA,NA,NA,1,7,6,5,3.5,3.5,5,0,2,47,2,"US","US",2,6,6,"3WETL7AQWT92XLKGXI6JUBDW4WE356","3IJ95K7NDXD5V25H6U3NI268XZBNGY","","",813,"Negative",7,6,5,631
"318","Exp1First",4.5,1,2,3,1,1,1,1,3,9,1,1,NA,NA,NA,NA,1,9,1,1,3.5,3.25,7,4,11,64,2,"USA","USA",4,7,7,"3KGTPGBS6XMUXIECUJ0MJD0KXZ72UC","3QTFNPMJC6J5MJ0MWMRC39ME8P5ZNZ","","",963,"Negative",9,1,1,635
"319","Exp1First",3,1,3,2,1,5,4,5,3,2,3,3,NA,NA,NA,NA,1,4,3,4,4.125,4,3.5,4,2,27,2,"united states","united states",4,7,6,"3NJM2BJS4W7U3VYIAQQYLKM719SPCC","3BO3NEOQM0IC7AHNNEYLH8ZOD54IA1","","",596,"Negative",4,3,4,636
"320","Exp1First",4.5,1,2,1,3,1,1,1,3,8,1,1,1,7,1,1,NA,NA,NA,NA,2.75,3.58333333333333,3,1,18,31,1,"United States","United States",4,7,6,"3PB5A5BD0V7IE1ANGQS0BPG1Z7F7GY","3XQ4XW3OD9DCWLPFFBZKFSMDAFES2W","","",667,"Negative",7,1,1,637
"321","Exp1First",4.16666666666667,1,2,1,3,4,5,4,3,6,2,2,NA,NA,NA,NA,1,2,8,8,3.625,3.91666666666667,5,0,10,34,1,"United States","United States",4,7,6,"35K3O9HUABEX9GT2SE0OZE86KFIFES","3J5XXLQDHMCH9V22D6IU9PBCFX8V3F","","",1087,"Negative",2,8,8,638
"322","Exp1First",3,1,2,3,1,2,2,2,3,8,1,1,1,6,5,2,NA,NA,NA,NA,4.8125,3.66666666666667,4.5,1,7,38,1,"United States","United States",4,7,4,"36H9ULYP62V5KWFU6FBFWULYPNDJFG","375VSR8FVWAQ1HSEPT8TCTRO9MUZRN","","",769,"Negative",6,5,2,640
"323","Exp1First",4.5,1,3,1,2,1,1,1,3,9,1,1,1,8,2,1,NA,NA,NA,NA,4,3.75,5.5,2,2,59,1,"USA","USA",1,7,6,"3G5W44VEU7J69GH7ZKH9FULN5REKGG","3SMIWMMK616ENEFQI0JRI0KQZJUWUY","","",1090,"Negative",8,2,1,644
"324","Exp1First",3.5,1,2,1,3,3,3,4,3,8,2,2,1,7,2,2,NA,NA,NA,NA,2.9375,4.5,3.5,2,3,29,1,"United States","United States",4,7,6,"3HYA4D452RK5E0HMZU5NXDZHNCRF2P","3PA41K45VN5M5U6TT6CLGEYAYBTP7T","","",1605,"Negative",7,2,2,645
"325","Exp1First",4.33333333333333,1,1,2,3,1,2,1,3,9,1,1,1,2,5,6,NA,NA,NA,NA,4.3125,3.75,5.5,3,17,35,2,"United States","United States",3,7,6,"3CFVK00FWLMFWTAJ87KOI3LD0DG6L3","3XT3KXP24ZZBK85KX1H913X2HMEI6B","","",1315,"Negative",2,5,6,648
"326","Exp1First",2,1,3,1,2,1,1,1,3,9,1,1,1,9,1,1,NA,NA,NA,NA,2.75,4.58333333333333,5,3,10,28,2,"usa","usa",4,7,7,"3SKEMFQBZ36RG1BPGM5LNH4PH80K8Z","3J5XXLQDHMCH9V22D6IU9PBCFX8V3F","","",1702,"Negative",9,1,1,649
"327","Exp1First",4,1,2,3,1,1,3,1,3,9,1,1,NA,NA,NA,NA,1,6,2,1,3.3125,3.83333333333333,5.5,1,6,67,2,"United States","United States",3,7,6,"3EO896NRAWWF31XV1ZG4DY0ZGWMJTP","3FULMHZ7OUYJ14RXZSMMWYK524T4MT","","",1620,"Negative",6,2,1,652
"328","Exp1First",4.16666666666667,1,2,1,3,7,7,6,3,8,1,1,1,6,3,3,NA,NA,NA,NA,3.25,3.66666666666667,4,2,2,34,1,"usa","usa",4,7,7,"3H8DHMCCW9C3XW7GXUG199IQSZXDKY","373L46LKP77EEYAFHNWANNHKVWNKJU","","",1200,"Negative",6,3,3,653
"329","Exp1First",2.5,1,1,2,3,1,3,2,3,9,1,1,NA,NA,NA,NA,1,4,2,2,2.75,3.91666666666667,3,5,14,39,2,"United States","United States",2,7,3,"33PPUNGG386SN1P7FWEV1DN7B92RZ5","3FULMHZ7OUYJ14RXZSMMWYK524T4MT","","",698,"Negative",4,2,2,655
"330","Exp1First",2.66666666666667,1,3,1,2,1,1,1,3,9,1,1,NA,NA,NA,NA,1,9,1,1,2.75,5.25,4,9,19,63,2,"United States","United States",4,7,7,"3OSWBBLG1EY9HW6NWDVQZ3QSO8MDXX","3H4IKZHALBJB5UM3TYGI8MF5YB2NNB","","",567,"Negative",9,1,1,658
"331","Exp1First",2.66666666666667,1,3,2,1,1,1,1,3,9,1,1,NA,NA,NA,NA,1,2,7,6,4.875,3.83333333333333,3,8,13,41,1,"United States","United States",4,7,3,"33CID57104UGZAN1P5MQB09TQMN3L3","3YCT0L9OMMA8L7E81UX47GPBLAANSN","","",1062,"Negative",2,7,6,660
"332","Exp1First",3,1,2,3,1,1,1,2,3,3,8,2,NA,NA,NA,NA,1,2,2,7,4.125,3.58333333333333,5.5,3,3,34,2,"USA","USA",1,7,7,"3MD9PLUKKIF783XFMPXESTIXACLNZL","37Y5RYYI0P6DX1SC30KD5IG9NOKSXC","","",1267,"Negative",2,2,7,662
"333","Exp1First",3.83333333333333,1,2,1,3,5,3,4,3,7,2,4,1,8,1,2,NA,NA,NA,NA,4.375,3.5,3.5,6,4,41,2,"usa","usa",4,7,6,"388U7OUMF72VLGJHB213VEKLT2SR0M","3NOEP8XAU43GK9CKBJGJADBY04DPXT","","",836,"Negative",8,1,2,663
"334","Exp1First",3.83333333333333,1,2,3,1,1,5,3,3,9,1,1,1,9,1,1,NA,NA,NA,NA,4.5625,3.83333333333333,6,0,0,49,2,"United States","United States",1,7,3,"3ATTHHXXWAPQP7M9ORW1Q065GDTXII","3JGHED38EDSGE8YUKT84T5RM2G1Y71","","",1496,"Negative",9,1,1,665
"335","Exp1First",3.83333333333333,1,3,2,1,1,1,1,3,9,1,1,1,8,1,1,NA,NA,NA,NA,3.75,2.91666666666667,4.5,1,7,70,1,"USA","USA",3,7,5,"3H8DHMCCW9C3XW7GXUG199IQSZ9DKA","3ICOHX7ENCC4QSHJZTB17NPJCQR0EP","","",728,"Negative",8,1,1,668
"336","Exp1First",4.33333333333333,1,3,1,2,1,1,1,3,2,8,8,1,7,2,1,NA,NA,NA,NA,4.5625,4.33333333333333,6,5,10,43,1,"USA","USA",1,7,7,"3S3AMIZX3U6LEYVS5HZ3LQ5INQZDCW","3HEM8MA6H9DWBCB8P5LRG5F531QPQW","","",1525,"Negative",7,2,1,670
"337","Exp1First",3.33333333333333,1,2,1,3,1,3,2,3,9,3,2,NA,NA,NA,NA,1,4,3,4,4.4375,3.75,3.5,0,5,60,2,"United States","United States",2,7,3,"3AMYWKA6YBNN2EDGLZ0GAKP7VIU6OT","31N9JPQXIPJJVY0SQ0L532I9CZTNH2","","",2470,"Negative",4,3,4,671
"338","Exp1First",2.16666666666667,1,2,3,1,1,1,2,3,8,1,2,NA,NA,NA,NA,1,1,7,6,3.125,3.5,6.5,5,7,24,2,"USA","USA",2,7,3,"3EKVH9QMEY58GG3Q8OAX9DWWBZO2DE","3FK4G712NX151K6D9QEQ6AZH89ISS4","","",586,"Negative",1,7,6,672
"339","Exp1First",3.33333333333333,1,2,1,3,1,1,1,3,6,1,2,NA,NA,NA,NA,1,5,6,6,4.625,3.58333333333333,6.5,7,2,50,1,"USA","USA",2,7,7,"3VSOLARPKBALY8MS08J06RIYQSA93G","31GN6YMHLPTY81NMTVOR3Z22EMESWJ","","",601,"Negative",5,6,6,674
"340","Exp1First",4.16666666666667,1,2,3,1,1,1,1,3,9,1,1,NA,NA,NA,NA,1,1,9,9,3.25,4.08333333333333,3,4,9,37,2,"United States","TX",4,7,1,"37QW5D2ZRGNP4KOXLVENE3VZY2QS81","3E22YV8GG17B8FYG9DTACBK0YQ3NP7","","",1210,"Negative",1,9,9,676
"341","Exp1First",4.5,1,3,2,1,1,1,1,3,5,3,5,NA,NA,NA,NA,1,6,1,1,2.875,3.41666666666667,7,7,6,51,2,"US","US",3,7,7,"3YW4XOSQKQMN8XWGBF08EUQF5T5U1Z","3M47JKRKCX2IV2T7OF5IOE3OEQF86Z","","",1310,"Negative",6,1,1,678
"342","Exp1First",3.83333333333333,1,1,2,3,1,1,1,3,9,1,1,1,9,1,9,NA,NA,NA,NA,3,3.83333333333333,4.5,0,10,41,1,"US","US",4,7,4,"33FBRBDW6O09X3Z1O9ONZYRHCZ68CP","3VADEH0UHCY8OSQLH9AWB5U6LPBPSL","","",438,"Negative",9,1,9,679
"343","Exp1First",3.66666666666667,1,3,2,1,1,3,2,3,6,3,5,NA,NA,NA,NA,1,4,3,4,4.1875,3.33333333333333,5.5,0,6,43,2,"United States","United States",4,7,6,"3I33IC7ZWF3AI90EOEJVJCOQQWSA2L","3WRBLBQ2GR92A6DA5O1P7QAVP660G6","","",1109,"Negative",4,3,4,680
"344","Exp1First",3.33333333333333,1,2,1,3,4,3,4,3,6,3,3,1,7,4,3,NA,NA,NA,NA,4.9375,3.66666666666667,5,1,3,51,1,"usa","usa",5,7,6,"3QBD8R3Z21K9NR922B71DM5TZRT4OB","3NCN4N1H1GI94LX6Q8B9HRFBHMONBM","","",1338,"Negative",7,4,3,684
"345","Exp1First",4.5,1,1,2,3,1,1,1,3,9,1,1,NA,NA,NA,NA,1,1,9,9,3.1875,3.08333333333333,6.5,0,10,51,1,"USA","USA",5,7,5,"3FTF2T8WLRJIP6OGASU2BOTVOL89WQ","3NCN4N1H1GI94LX6Q8B9HRFBHMONBM","","",1141,"Negative",1,9,9,685
"346","Exp1First",4.5,1,3,1,2,7,8,7,3,8,8,8,1,9,8,7,NA,NA,NA,NA,4.8125,4.75,7,8,8,30,2,"United States","United States",4,7,7,"3Z9WI9EOZZPK9CCIJQZR0UXOKR6HKR","3BFNCI9LYKRFY516V8FE3BV9TF7371","","",1786,"Negative",9,8,7,686
"347","Exp1First",4.16666666666667,1,1,2,3,5,3,3,3,9,7,6,1,9,1,1,NA,NA,NA,NA,3.3125,4.16666666666667,6,1,17,35,1,"USA","USA",3,7,5,"3GLB5JMZFXWYVABX73VMBHQXLI2GDK","389A2A304OJPTUX53256HZPGREE0CW","","",926,"Negative",9,1,1,688
"348","Exp1First",3.33333333333333,1,1,2,3,6,5,4,3,2,7,7,1,2,7,7,NA,NA,NA,NA,5,3.25,6.5,4,2,37,1,"USA","USA",1,7,4,"3CP1TO84PT2DC3OXTISEB184YJ252N","3KG2UQJ0MJPW8RZV9Q8ZCGAA3MPNQY","","",877,"Negative",2,7,7,691
"349","Exp1First",3.83333333333333,1,2,3,1,1,3,4,3,9,1,1,1,8,1,1,NA,NA,NA,NA,3.3125,3.75,4,5,2,61,2,"USA","USA",4,7,7,"3J4Q2Z4UTY4OH552RU5OXJJKYMKQW3","3KVQ0UJWPXMX2ZPBHZBJAOSA0275WV","","",630,"Negative",8,1,1,692
"350","Exp1First",3.5,1,3,1,2,8,6,8,3,7,3,1,1,2,7,2,NA,NA,NA,NA,2.875,4.08333333333333,6,4,12,34,1,"USA","USA",4,7,7,"3ERMJ6L4DYTI6B69RTQVOU0YVTB7MQ","3YCT0L9OMMA8L7E81UX47GPBLAANSN","","",1988,"Negative",2,7,2,693
"351","Exp1First",4.16666666666667,1,2,1,3,7,7,7,3,9,1,9,NA,NA,NA,NA,1,9,1,1,4.125,3.75,7,0,7,39,1,"USA","USA",4,4,7,"3WSELTNVR33428UR7T3RKZXGQAHATR","3ZLW647WALW8C440PWYJ7KE1IZL32L","","",576,"Negative",9,1,1,695
"352","Exp1First",4.5,1,2,3,1,7,8,7,3,8,1,2,NA,NA,NA,NA,1,3,3,5,4.25,3.5,5,1,13,51,2,"United States","United States",4,7,7,"3I02618YA07QPPFIWHBYFQ8D8AMPUB","3UDTAB6HH60NVWQ2RIVFF9O8LTB09F","","",1597,"Negative",3,3,5,696
"353","Exp1First",4.33333333333333,1,1,3,2,4,4,3,3,9,1,1,1,6,1,1,NA,NA,NA,NA,3.8125,4.25,6,1,7,51,2,"United States","United States",4,7,6,"3FTYUGLFSUM0FDMDQ7CV7KZ8VAWD59","3FVBZG9CLJFGA28LPUJ7SQMW46J0H5","","",1049,"Negative",6,1,1,699
"354","Exp1First",3.66666666666667,1,3,1,2,1,5,3,3,9,1,1,NA,NA,NA,NA,1,5,1,1,3.75,4.41666666666667,6,2,12,44,1,"United States","United States",4,7,6,"3AZHRG4CU4L32EYF0C07DGH5NPW30G","3ICOHX7ENCC4QSHJZTB17NPJCQR0EP","","",1229,"Negative",5,1,1,700
"355","Exp1First",3.5,1,2,1,3,1,2,3,3,9,1,1,1,8,1,1,NA,NA,NA,NA,3.5625,4.08333333333333,5.5,1,10,46,2,"US","US",4,7,6,"3GDTJDAPVUCM6PBS1YI12UWT6EOM81","3PGQRAZX02L2X6IM8W6FOWNIPUESYI","","",877,"Negative",8,1,1,701
"356","Exp1First",4,1,3,1,2,1,1,1,3,9,1,1,1,9,1,1,NA,NA,NA,NA,4.25,3.5,7,5,9,60,2,"United States","United States",4,7,4,"3UWN2HHPUY6A7RB1RX36W0LUNY7SN9","3X0EMNLXEPQOGK7PB4F1MSEDKT5VPW","","",962,"Negative",9,1,1,702
"357","Exp1First",4.16666666666667,1,2,1,3,3,3,5,3,7,3,2,1,6,2,2,NA,NA,NA,NA,4.0625,4.41666666666667,2.5,0,2,47,1,"United States","United States",2,7,6,"3DUZQ9U6SMPNFWKATOPX6HF791AVSU","3UDTAB6HH60NVWQ2RIVFF9O8LTB09F","","",1454,"Negative",6,2,2,705
"358","Exp1First",3.16666666666667,1,2,1,3,1,1,3,3,6,2,3,1,4,1,2,NA,NA,NA,NA,3.4375,3.41666666666667,5.5,3,4,45,1,"USA","USA",3,7,4,"3IXEICO792K3F6IOHGMF4UVUUR06T6","3UL5XDRDNCKMCYTTJWVDW8POIV485J","","",827,"Negative",4,1,2,706
"359","Exp1First",3,1,3,1,2,1,1,2,3,9,1,1,1,6,4,3,NA,NA,NA,NA,4,3.5,3.5,11,2,46,2,"United States of America","United States of America",2,7,6,"3LJ7UR74RHER569Q1W7OYX5O9IDN46","3BFNCI9LYKRFY516V8FE3BV9TF7371","","",1774,"Negative",6,4,3,710
"360","Exp1First",3.83333333333333,1,3,1,2,1,3,2,3,9,2,2,1,3,6,4,NA,NA,NA,NA,4.5625,3.58333333333333,6,0,5,52,1,"USA","USA",5,7,7,"3PJ71Z61R43PO58DD45HIY31S9P91J","3FVBZG9CLJFGA28LPUJ7SQMW46J0H5","","",771,"Negative",3,6,4,712
"361","Exp1First",3.83333333333333,1,2,3,1,1,1,1,3,9,1,1,NA,NA,NA,NA,1,5,3,3,3.25,3.66666666666667,4.5,2,13,68,2,"United States","United States",2,7,6,"3C2NJ6JBKAIH2SU3XIO05I8QP4MN2F","3KG2UQJ0MJPW8RZV9Q8ZCGAA3MPNQY","","",878,"Negative",5,3,3,715
"362","Exp1First",2.83333333333333,1,2,3,1,1,1,5,3,8,1,1,1,2,6,6,NA,NA,NA,NA,3.6875,4.25,5.5,3,9,27,1,"United States of America","United States of America",2,6,6,"3QUO65DNQUP84P3HHHYJQQ3NY5EOUH","3X0EMNLXEPQOGK7PB4F1MSEDKT5VPW","","",1003,"Negative",2,6,6,717
"363","Exp1First",2.5,1,3,2,1,2,2,3,3,7,2,2,1,6,2,2,NA,NA,NA,NA,4.0625,3.66666666666667,6.5,12,8,52,2,"USA","USA",4,7,4,"3QEMNNSB2X0F2H0WE0RS54D4MGDD7A","386T3MLZLNWNHR7SMQP1FDTX1NT80Y","","",2170,"Negative",6,2,2,720
"364","Exp1First",3.83333333333333,1,1,3,2,6,7,7,3,9,1,1,1,8,1,1,NA,NA,NA,NA,3.25,4.41666666666667,1.5,1,14,42,2,"USA","USA",5,7,6,"3LQ8PUHQFLTT3HMUJNEFNEIBSOIIHK","38F60IALAGI6FBZGPO0W69PKF0DT07","","",864,"Negative",8,1,1,721
"365","Exp1First",3.83333333333333,1,3,1,2,1,1,2,3,9,1,1,1,6,1,1,NA,NA,NA,NA,4.25,4.41666666666667,4,9,6,39,2,"USA","USA",5,7,7,"3GGAI1SQEVZOIS15IAY64GSCW51MCZ","37ZQELHEQ0Z5NC13HX1IV7Q5TLSNMB","","",591,"Negative",6,1,1,722
"366","Exp1First",2.83333333333333,1,1,2,3,2,2,2,3,8,2,2,1,5,5,5,NA,NA,NA,NA,4.25,3.83333333333333,3.5,4,5,54,2,"UNTIED STATES","UNITED STATES",4,7,4,"38F71OA9GTXVL4LF9CO7CMDFTITMFA","3JVP4ZJHDPTG6XJ5VC1SS2NB4JY0IY","","",900,"Negative",5,5,5,723
"367","Exp1First",4.33333333333333,1,2,3,1,1,1,3,3,9,1,1,1,9,1,1,NA,NA,NA,NA,3.9375,4,4,9,3,59,2,"USA","USA",3,7,4,"3WETL7AQWT92XLKGXI6JUBDW4XZ35T","37Y5RYYI0P6DX1SC30KD5IG9NOKSXC","","",839,"Negative",9,1,1,724
"368","Exp1First",4.33333333333333,1,3,1,2,5,6,6,3,7,2,3,1,3,6,5,NA,NA,NA,NA,4.125,4.08333333333333,6,0,3,50,1,"United States","United States",4,7,7,"39LNWE0K4UXY83SEJMLE6T71MWPUI2","3L2OEKSTW9BKEM3DUY0A75NHD07Y8O","","",1795,"Negative",3,6,5,727
"369","Exp1First",2.66666666666667,1,1,2,3,1,1,3,3,8,2,1,NA,NA,NA,NA,1,2,4,6,4.4375,3.91666666666667,4.5,5,10,66,2,"United States","United States",4,7,6,"3GGAI1SQEVZOIS15IAY64GSCW53CMR","3X0EMNLXEPQOGK7PB4F1MSEDKT5VPW","","",1127,"Negative",2,4,6,728
"370","Exp1First",3.16666666666667,1,1,3,2,1,2,2,3,8,1,1,1,6,2,1,NA,NA,NA,NA,4.375,4.25,7,7,6,44,1,"United States","United States",1,7,4,"3Z2R0DQ0JHFD8MHQ4JLHFVEHBD02EM","3ZLW647WALW8C440PWYJ7KE1IZL32L","","",535,"Negative",6,2,1,729
"371","Exp1First",3.66666666666667,1,3,1,2,1,1,1,3,9,9,6,1,9,1,1,NA,NA,NA,NA,4.4375,4.25,6.5,9,2,69,2,"United States","United States",3,7,3,"3YDTZAI2WXHORZ21W99Q1QSL6IT412","3PGQRAZX02L2X6IM8W6FOWNIPUESYI","","",855,"Negative",9,1,1,731
"372","Exp1First",3.83333333333333,1,1,2,3,1,1,1,3,7,1,1,NA,NA,NA,NA,1,1,3,6,3.25,4.58333333333333,4,2,12,28,2,"United States","United States",3,7,5,"386PBUZZXFYRKOPQSQEDR7QIMLOLJG","3UDTAB6HH60NVWQ2RIVFF9O8LTB09F","","",804,"Negative",1,3,6,732
"373","Exp1First",2.33333333333333,1,2,1,3,1,2,3,3,9,1,1,1,9,1,1,NA,NA,NA,NA,4,3.58333333333333,6.5,5,13,59,2,"United States","United States",2,7,7,"30OG32W0SUC9X86JQ2J17JHFM8TENR","37M4O367VJJ1XNVXDX5W1QQJ20T5M4","","",1042,"Negative",9,1,1,733
"374","Exp1First",2.33333333333333,1,3,2,1,1,1,3,3,6,2,5,NA,NA,NA,NA,1,3,7,7,5,4.33333333333333,5.5,9,10,54,2,"United States","United States",4,7,7,"3LEP4MGT3G124T3MRH38A6Z057GBD8","31D0ZWOD0A010F07JO9FB4ZSRBT0AU","","",709,"Negative",3,7,7,735
"375","Exp1First",4,1,3,1,2,1,1,1,3,9,1,1,NA,NA,NA,NA,1,5,1,1,5.75,4.75,6.5,4,8,59,2,"USA","USA",3,7,5,"3TGOYF991XN3HUNED3ASPWVCGSJUUJ","3D1UCPY6GGAJYJ6P5D7KHBR44ZD38O","","",1149,"Negative",5,1,1,736
"376","Exp1First",4.16666666666667,1,2,3,1,2,2,3,3,9,2,1,1,8,1,1,NA,NA,NA,NA,2.9375,4.5,4.5,0,11,69,1,"America","America",4,7,6,"3P59JYT76LLFX5ZNUEACEHEIENS2TH","3L2OEKSTW9BKEM3DUY0A75NHD07Y8O","","",937,"Negative",8,1,1,737
"377","Exp1First",3.16666666666667,1,1,3,2,2,3,3,3,6,4,4,NA,NA,NA,NA,1,4,6,5,4,3.75,4,1,1,55,1,"United States","United States",5,7,5,"3HSYG7LRBJZBB2DQPB2ODMDGCANKKF","31GN6YMHLPTY81NMTVOR3Z22EMESWJ","","",1626,"Negative",4,6,5,738
"378","Exp1First",3.5,1,1,3,2,3,2,1,3,9,1,1,NA,NA,NA,NA,1,4,5,3,3.125,3.33333333333333,6.5,1,11,65,1,"USA","USA",2,7,7,"3QEMNNSB2X0F2H0WE0RS54D4MHR7DK","3AQN9REUTFHWVHZ4B6BQTX1IOR4YDU","","",941,"Negative",4,5,3,739
"379","Exp1First",4,1,3,2,1,1,1,1,3,9,1,1,NA,NA,NA,NA,1,8,4,1,3.9375,3.83333333333333,3.5,5,5,73,2,"United States","United States",4,7,6,"3JCG6DTRV3RJX89GFL6I5U1YAM8QQ6","37M4O367VJJ1XNVXDX5W1QQJ20T5M4","","",1147,"Negative",8,4,1,740
"380","Exp1First",3.5,1,2,1,3,3,1,2,3,8,1,2,1,8,2,7,NA,NA,NA,NA,4.3125,3.91666666666667,4,2,10,53,1,"USA","USA",3,7,6,"36ZN444YTRZ3VY8HN0957NFC4BAOIU","3V8JSVE8YYR1NND471MAZFJ3O35YEN","","",1151,"Negative",8,2,7,741
"381","Exp1First",3.5,1,1,2,3,1,1,1,3,3,7,6,NA,NA,NA,NA,1,2,8,7,4.0625,4.08333333333333,4.5,3,3,24,1,"USA","USA",4,7,5,"3RWE2M8QWHBA6IRPIVKMMUFBS7PN0K","3E9VAUV7BWFYXAWSRWKO3WTC3O7YAS","","",571,"Negative",2,8,7,742
"382","Exp1First",4.33333333333333,1,1,2,3,1,1,1,3,9,1,1,NA,NA,NA,NA,1,8,1,1,2.875,3.41666666666667,3.5,4,9,32,2,"United States","United States",3,7,3,"3HYA4D452RK5E0HMZU5NXDZHNEQF2S","302U8RURJZ2ODZVCVP29I39IKE4VN0","","",975,"Negative",8,1,1,746
"383","Exp1First",3.66666666666667,1,3,2,1,1,1,1,3,9,1,1,NA,NA,NA,NA,1,8,2,2,3.4375,3.83333333333333,5,3,8,51,1,"United States","United States",5,7,7,"3P529IW9KYMBFM3U90NSC9YQTEJLFP","38F60IALAGI6FBZGPO0W69PKF0DT07","","",634,"Negative",8,2,2,748
"384","Exp1First",4,1,1,3,2,4,5,5,3,8,2,2,1,1,9,5,NA,NA,NA,NA,3.3125,3.5,3.5,4,4,38,2,"United States","United States",3,7,3,"3BDCF01OGXVHFDKPEQFG1U56ZPALYN","37MQ8Z1JQEX9S71OEHR9XEAER0FY2L","","",1438,"Negative",1,9,5,750
"385","Exp1First",3.5,1,1,2,3,1,1,1,3,9,2,2,NA,NA,NA,NA,1,6,2,2,4.75,4.08333333333333,7,5,3,66,2,"USA","USA",4,7,6,"3ZAZR5XV01JOHZ0OXZO0CIOLBA9ZCL","3JAOYN9IHL3XXM0JTWCOQUJTODL33W","","",764,"Negative",6,2,2,754
"386","Exp1First",3.33333333333333,1,3,2,1,5,3,5,3,1,9,4,NA,NA,NA,NA,1,1,6,8,5.5625,3.16666666666667,6,10,3,30,1,"USA","USA",5,7,7,"3A4NIXBJ760HLWVBVNR57ZIZQFAMLC","37ZQELHEQ0Z5NC13HX1IV7Q5TLSNMB","","",574,"Negative",1,6,8,756
"387","Exp1First",3,1,3,2,1,2,2,2,3,9,1,1,NA,NA,NA,NA,1,6,3,2,3.3125,3.33333333333333,5,2,9,37,2,"USA","USA",4,7,4,"308XBLVESI5W53MR9IYSFVG4K80BR7","30EV7DWJTVWXA8KP1J3CNRRQ75HY62","","",995,"Negative",6,3,2,758
"388","Exp1First",4,1,1,3,2,1,1,1,3,7,2,3,1,5,1,5,NA,NA,NA,NA,3.75,3.91666666666667,7,0,6,40,2,"USA","USA",5,7,6,"3PW9OPU9PQLEOLNESVQ28BVNM5621F","3H4IKZHALBJB5UM3TYGI8MF5YB2NNB","","",494,"Negative",5,1,5,759
"389","Exp1First",3.83333333333333,1,3,1,2,3,3,2,3,4,4,4,NA,NA,NA,NA,1,3,5,3,3.625,3.58333333333333,4.5,1,8,48,1,"USA","USA",4,7,6,"3ATTHHXXWAPQP7M9ORW1Q065GG2XIX","3IJ95K7NDXD5V25H6U3NI268XZGNG3","","",664,"Negative",3,5,3,764
"390","Exp1First",3.83333333333333,1,3,1,2,2,2,1,3,8,1,1,NA,NA,NA,NA,1,2,2,2,3.1875,3.58333333333333,4.5,0,11,57,1,"United States","United States",4,7,7,"3VA45EW49NOSVSCJFTOZFOYQNBXO14","3TUOHPJXYHY64I9LN5UE27JUT1GXWW","","",1155,"Negative",2,2,2,765
